,date,temp_f,precip_mm
1,2022-01-01T00:51:00,51.08,0.0
3,2022-01-01T01:51:00,51.08,0.0
4,2022-01-01T02:51:00,51.98,0.0
5,2022-01-01T03:51:00,51.08,0.0
7,2022-01-01T04:51:00,51.08,0.0
10,2022-01-01T05:51:00,51.08,0.0
11,2022-01-01T06:51:00,51.08,0.0
14,2022-01-01T07:51:00,51.08,0.0
16,2022-01-01T08:51:00,50.0,0.0
17,2022-01-01T09:51:00,50.0,0.0
19,2022-01-01T10:51:00,51.08,0.0
20,2022-01-01T11:51:00,51.08,0.3
22,2022-01-01T12:51:00,50.0,0.8
23,2022-01-01T13:04:00,51.08,0.5
24,2022-01-01T13:37:00,51.08,1.0
25,2022-01-01T13:43:00,51.98,1.0
26,2022-01-01T13:51:00,51.98,1.0
27,2022-01-01T14:12:00,51.98,0.0
28,2022-01-01T14:20:00,51.98,0.0
30,2022-01-01T14:51:00,53.06,0.5
32,2022-01-01T15:34:00,53.06,0.5
34,2022-01-01T15:51:00,53.96,0.3
35,2022-01-01T15:58:00,53.96,0.0
36,2022-01-01T16:36:00,53.96,0.0
37,2022-01-01T16:48:00,53.6,0.0
38,2022-01-01T16:51:00,53.96,0.3
39,2022-01-01T17:51:00,53.96,0.3
40,2022-01-01T18:51:00,53.96,0.0
41,2022-01-01T19:24:00,55.04,0.0
42,2022-01-01T19:51:00,55.04,0.0
43,2022-01-01T20:51:00,55.94,0.0
44,2022-01-01T21:51:00,55.94,0.0
45,2022-01-01T22:51:00,53.96,0.5
46,2022-01-01T23:01:00,55.04,0.2
47,2022-01-01T23:20:00,55.04,0.5
48,2022-01-01T23:51:00,53.96,1.3
49,2022-01-02T00:04:00,53.96,0.0
50,2022-01-02T00:15:00,53.96,0.2
51,2022-01-02T00:29:00,53.96,0.5
52,2022-01-02T00:41:00,53.96,0.7
53,2022-01-02T00:51:00,53.06,1.8
54,2022-01-02T01:09:00,53.06,0.7
55,2022-01-02T01:39:00,53.06,1.2
56,2022-01-02T01:51:00,53.06,1.3
57,2022-01-02T02:18:00,53.06,1.0
58,2022-01-02T02:28:00,53.06,2.0
59,2022-01-02T02:41:00,53.06,2.5
61,2022-01-02T02:51:00,53.06,4.3
62,2022-01-02T03:17:00,53.06,3.0
63,2022-01-02T03:29:00,53.06,4.5
64,2022-01-02T03:40:00,53.06,6.0
65,2022-01-02T03:51:00,53.06,6.6
66,2022-01-02T04:22:00,53.06,0.7
67,2022-01-02T04:51:00,51.98,1.0
69,2022-01-02T05:43:00,51.98,0.5
70,2022-01-02T05:51:00,51.98,0.5
71,2022-01-02T06:27:00,51.98,0.0
72,2022-01-02T06:51:00,51.98,0.0
73,2022-01-02T07:04:00,51.98,0.0
74,2022-01-02T07:14:00,51.98,0.0
75,2022-01-02T07:27:00,51.98,0.0
76,2022-01-02T07:51:00,51.98,0.0
78,2022-01-02T08:51:00,51.98,0.0
80,2022-01-02T09:51:00,51.98,0.0
82,2022-01-02T10:51:00,51.98,0.5
83,2022-01-02T11:05:00,51.98,0.0
84,2022-01-02T11:51:00,51.98,0.0
89,2022-01-02T12:51:00,51.98,0.0
90,2022-01-02T13:51:00,53.06,0.0
93,2022-01-02T14:51:00,53.96,0.0
94,2022-01-02T15:51:00,53.96,0.0
96,2022-01-02T16:51:00,55.04,0.0
98,2022-01-02T17:51:00,57.02,0.0
100,2022-01-02T18:51:00,57.92,0.0
102,2022-01-02T19:51:00,55.04,0.0
103,2022-01-02T20:51:00,53.06,0.0
105,2022-01-02T21:51:00,51.08,0.0
106,2022-01-02T22:51:00,48.92,0.0
108,2022-01-02T23:51:00,46.04,0.0
109,2022-01-03T00:51:00,39.92,0.0
110,2022-01-03T01:51:00,37.94,0.0
112,2022-01-03T02:51:00,37.94,0.0
114,2022-01-03T03:51:00,37.94,0.0
115,2022-01-03T04:51:00,37.04,0.0
117,2022-01-03T05:51:00,37.04,0.0
119,2022-01-03T06:51:00,35.96,0.0
122,2022-01-03T07:51:00,35.96,0.0
123,2022-01-03T08:51:00,33.98,0.0
125,2022-01-03T09:51:00,33.08,0.0
126,2022-01-03T10:51:00,32.0,0.0
127,2022-01-03T11:51:00,30.92,0.0
128,2022-01-03T12:51:00,30.92,0.0
129,2022-01-03T13:51:00,30.02,0.0
130,2022-01-03T14:51:00,30.02,0.0
131,2022-01-03T15:51:00,28.94,0.0
132,2022-01-03T16:51:00,28.94,0.0
133,2022-01-03T17:51:00,28.94,0.0
134,2022-01-03T18:51:00,28.04,0.0
135,2022-01-03T19:51:00,26.96,0.0
136,2022-01-03T20:51:00,26.96,0.0
137,2022-01-03T21:51:00,26.96,0.0
138,2022-01-03T22:51:00,26.96,0.0
139,2022-01-03T23:51:00,26.060000000000002,0.0
140,2022-01-04T00:51:00,24.98,0.0
141,2022-01-04T01:51:00,24.08,0.0
142,2022-01-04T02:51:00,24.08,0.0
143,2022-01-04T03:51:00,23.0,0.0
144,2022-01-04T04:51:00,21.92,0.0
146,2022-01-04T05:51:00,21.92,0.0
147,2022-01-04T06:51:00,21.02,0.0
148,2022-01-04T07:51:00,19.939999999999998,0.0
149,2022-01-04T08:51:00,19.939999999999998,0.0
150,2022-01-04T09:51:00,19.939999999999998,0.0
151,2022-01-04T10:51:00,19.04,0.0
152,2022-01-04T11:51:00,19.04,0.0
153,2022-01-04T12:51:00,19.04,0.0
154,2022-01-04T13:51:00,19.939999999999998,0.0
155,2022-01-04T14:51:00,21.92,0.0
156,2022-01-04T15:51:00,26.96,0.0
157,2022-01-04T16:51:00,30.02,0.0
158,2022-01-04T17:51:00,30.92,0.0
159,2022-01-04T18:51:00,32.0,0.0
160,2022-01-04T19:51:00,33.08,0.0
161,2022-01-04T20:51:00,33.98,0.0
162,2022-01-04T21:51:00,33.08,0.0
163,2022-01-04T22:51:00,33.08,0.0
164,2022-01-04T23:51:00,33.08,0.0
165,2022-01-05T00:51:00,33.08,0.0
166,2022-01-05T01:51:00,33.08,0.0
167,2022-01-05T02:51:00,32.0,0.0
168,2022-01-05T03:51:00,32.0,0.0
169,2022-01-05T04:51:00,30.92,0.0
171,2022-01-05T05:51:00,32.0,0.0
172,2022-01-05T06:51:00,33.08,0.0
173,2022-01-05T07:51:00,33.08,0.0
174,2022-01-05T08:51:00,33.08,0.0
175,2022-01-05T09:51:00,33.08,0.0
176,2022-01-05T10:33:00,33.08,0.0
178,2022-01-05T10:51:00,33.08,0.3
179,2022-01-05T11:51:00,33.08,0.5
181,2022-01-05T12:51:00,35.06,0.8
182,2022-01-05T13:00:00,35.96,0.0
183,2022-01-05T13:13:00,35.96,0.0
184,2022-01-05T13:30:00,37.94,0.2
185,2022-01-05T13:46:00,37.4,0.2
186,2022-01-05T13:51:00,37.04,0.3
188,2022-01-05T14:51:00,37.94,0.3
189,2022-01-05T15:20:00,37.94,0.2
190,2022-01-05T15:30:00,37.94,1.0
191,2022-01-05T15:37:00,37.94,1.5
192,2022-01-05T15:41:00,37.94,1.7
193,2022-01-05T15:48:00,39.2,1.7
194,2022-01-05T15:51:00,39.02,2.0
195,2022-01-05T16:01:00,39.02,0.2
196,2022-01-05T16:17:00,39.02,0.7
197,2022-01-05T16:37:00,39.92,1.2
198,2022-01-05T16:44:00,39.92,1.5
199,2022-01-05T16:51:00,39.92,1.5
200,2022-01-05T17:17:00,41.0,0.5
201,2022-01-05T17:51:00,42.980000000000004,0.3
202,2022-01-05T18:51:00,44.96,0.0
203,2022-01-05T19:51:00,46.04,0.0
205,2022-01-05T20:51:00,46.04,0.0
206,2022-01-05T21:51:00,46.04,0.0
208,2022-01-05T22:51:00,46.04,0.0
209,2022-01-05T23:51:00,46.04,0.0
210,2022-01-06T00:51:00,44.06,0.0
211,2022-01-06T01:51:00,44.06,0.0
212,2022-01-06T02:51:00,42.08,0.0
213,2022-01-06T03:51:00,42.08,0.0
214,2022-01-06T04:51:00,41.0,0.0
216,2022-01-06T05:51:00,39.92,0.0
217,2022-01-06T06:51:00,39.92,0.0
218,2022-01-06T07:51:00,39.02,0.0
219,2022-01-06T08:51:00,39.02,0.0
220,2022-01-06T09:51:00,39.02,0.0
221,2022-01-06T10:51:00,39.02,0.0
222,2022-01-06T11:51:00,37.94,0.0
223,2022-01-06T12:51:00,37.04,0.0
224,2022-01-06T13:51:00,37.04,0.0
225,2022-01-06T14:51:00,37.04,0.0
226,2022-01-06T15:51:00,37.04,0.0
227,2022-01-06T16:51:00,37.04,0.0
228,2022-01-06T17:51:00,37.04,0.0
229,2022-01-06T18:51:00,37.04,0.0
230,2022-01-06T19:51:00,37.94,0.0
231,2022-01-06T20:51:00,37.04,0.0
232,2022-01-06T21:51:00,35.96,0.0
233,2022-01-06T22:51:00,35.96,0.0
234,2022-01-06T23:51:00,35.06,0.0
235,2022-01-07T00:51:00,35.06,0.0
236,2022-01-07T01:51:00,35.06,0.0
237,2022-01-07T02:51:00,35.06,0.0
238,2022-01-07T03:51:00,35.06,0.0
239,2022-01-07T04:51:00,33.98,0.0
241,2022-01-07T05:51:00,30.02,0.0
244,2022-01-07T06:51:00,30.02,0.0
245,2022-01-07T07:07:00,30.02,0.0
246,2022-01-07T07:23:00,28.94,0.2
247,2022-01-07T07:32:00,28.94,0.2
248,2022-01-07T07:34:00,28.94,0.2
249,2022-01-07T07:41:00,28.94,0.2
250,2022-01-07T07:48:00,28.4,0.5
251,2022-01-07T07:51:00,28.94,0.8
253,2022-01-07T08:51:00,28.94,2.8
254,2022-01-07T09:07:00,28.94,0.7
255,2022-01-07T09:42:00,28.94,2.2
256,2022-01-07T09:51:00,28.94,2.0
257,2022-01-07T10:51:00,28.04,1.8
258,2022-01-07T11:01:00,28.04,0.5
259,2022-01-07T11:34:00,28.04,1.2
260,2022-01-07T11:38:00,28.04,1.2
262,2022-01-07T11:51:00,28.04,1.5
263,2022-01-07T12:11:00,28.04,0.2
264,2022-01-07T12:51:00,28.04,0.8
265,2022-01-07T13:48:00,28.4,0.2
266,2022-01-07T13:51:00,28.04,0.0
267,2022-01-07T14:11:00,28.04,0.0
269,2022-01-07T14:51:00,28.94,0.0
270,2022-01-07T15:51:00,30.92,0.0
271,2022-01-07T16:06:00,32.0,0.0
272,2022-01-07T16:51:00,33.08,0.0
273,2022-01-07T17:51:00,33.08,0.0
274,2022-01-07T18:51:00,32.0,0.0
275,2022-01-07T19:51:00,33.08,0.0
276,2022-01-07T20:51:00,33.08,0.0
277,2022-01-07T21:51:00,30.92,0.0
278,2022-01-07T22:51:00,30.02,0.0
279,2022-01-07T23:51:00,28.94,0.0
280,2022-01-08T00:51:00,28.04,0.0
281,2022-01-08T01:51:00,26.96,0.0
282,2022-01-08T02:51:00,26.060000000000002,0.0
283,2022-01-08T03:51:00,26.060000000000002,0.0
284,2022-01-08T04:51:00,26.060000000000002,0.0
286,2022-01-08T05:51:00,24.08,0.0
287,2022-01-08T06:51:00,24.08,0.0
288,2022-01-08T07:51:00,23.0,0.0
289,2022-01-08T08:51:00,21.92,0.0
290,2022-01-08T09:51:00,21.92,0.0
291,2022-01-08T10:51:00,21.92,0.0
292,2022-01-08T11:51:00,21.02,0.0
293,2022-01-08T12:51:00,19.939999999999998,0.0
294,2022-01-08T13:51:00,21.02,0.0
295,2022-01-08T14:51:00,21.92,0.0
296,2022-01-08T15:51:00,24.08,0.0
297,2022-01-08T16:51:00,26.060000000000002,0.0
298,2022-01-08T17:51:00,26.96,0.0
299,2022-01-08T18:51:00,28.04,0.0
300,2022-01-08T19:51:00,28.94,0.0
301,2022-01-08T20:51:00,28.94,0.0
302,2022-01-08T21:51:00,28.94,0.0
303,2022-01-08T22:51:00,28.94,0.0
304,2022-01-08T23:51:00,28.94,0.0
305,2022-01-09T00:51:00,28.94,0.0
306,2022-01-09T01:51:00,28.94,0.0
307,2022-01-09T02:51:00,28.94,0.0
308,2022-01-09T03:51:00,28.94,0.0
309,2022-01-09T04:51:00,30.02,0.0
311,2022-01-09T05:51:00,30.02,0.0
312,2022-01-09T06:51:00,28.94,0.0
313,2022-01-09T07:51:00,30.02,0.0
314,2022-01-09T08:51:00,30.92,0.0
315,2022-01-09T09:51:00,32.0,0.0
316,2022-01-09T10:51:00,33.08,0.0
317,2022-01-09T11:51:00,33.98,0.0
318,2022-01-09T12:51:00,35.06,0.0
319,2022-01-09T13:51:00,35.96,0.0
320,2022-01-09T14:51:00,35.96,0.0
321,2022-01-09T15:51:00,37.04,0.0
322,2022-01-09T16:51:00,37.94,0.0
323,2022-01-09T17:42:00,37.94,0.0
325,2022-01-09T17:51:00,37.94,0.0
326,2022-01-09T18:51:00,39.02,0.0
328,2022-01-09T19:51:00,39.02,0.0
329,2022-01-09T20:51:00,39.02,0.0
330,2022-01-09T21:51:00,37.94,0.3
331,2022-01-09T22:31:00,37.94,0.0
332,2022-01-09T22:51:00,37.94,0.5
333,2022-01-09T23:51:00,37.94,0.5
334,2022-01-10T00:24:00,37.94,0.2
335,2022-01-10T00:51:00,37.94,0.5
336,2022-01-10T01:34:00,37.94,0.7
337,2022-01-10T01:51:00,37.94,0.5
338,2022-01-10T02:31:00,37.94,0.2
339,2022-01-10T02:51:00,39.02,0.3
340,2022-01-10T03:51:00,39.02,0.0
341,2022-01-10T04:51:00,39.02,0.0
343,2022-01-10T05:51:00,39.92,0.0
344,2022-01-10T06:51:00,39.02,0.0
345,2022-01-10T07:51:00,37.94,0.0
346,2022-01-10T08:51:00,35.06,0.0
347,2022-01-10T09:51:00,33.08,0.0
348,2022-01-10T10:51:00,30.92,0.0
349,2022-01-10T11:51:00,28.94,0.0
350,2022-01-10T12:51:00,28.04,0.0
351,2022-01-10T13:51:00,28.04,0.0
352,2022-01-10T14:51:00,28.04,0.0
353,2022-01-10T15:51:00,28.04,0.0
354,2022-01-10T16:51:00,28.94,0.0
355,2022-01-10T17:51:00,28.94,0.0
356,2022-01-10T18:51:00,28.94,0.0
357,2022-01-10T19:51:00,28.94,0.0
358,2022-01-10T20:51:00,28.04,0.0
359,2022-01-10T21:51:00,26.96,0.0
360,2022-01-10T22:51:00,26.96,0.0
361,2022-01-10T23:51:00,26.96,0.0
362,2022-01-11T00:51:00,26.96,0.0
363,2022-01-11T01:51:00,26.060000000000002,0.0
364,2022-01-11T02:51:00,26.060000000000002,0.0
365,2022-01-11T03:51:00,24.98,0.0
366,2022-01-11T04:51:00,24.08,0.0
368,2022-01-11T05:51:00,23.0,0.0
369,2022-01-11T05:57:00,21.02,0.0
370,2022-01-11T06:12:00,19.939999999999998,0.0
371,2022-01-11T06:20:00,21.02,0.0
372,2022-01-11T06:51:00,21.02,0.0
373,2022-01-11T07:51:00,19.939999999999998,0.0
374,2022-01-11T08:51:00,19.04,0.0
375,2022-01-11T09:51:00,17.96,0.0
376,2022-01-11T10:51:00,17.06,0.0
377,2022-01-11T11:51:00,15.979999999999997,0.0
378,2022-01-11T12:51:00,15.979999999999997,0.0
379,2022-01-11T13:51:00,15.079999999999998,0.0
380,2022-01-11T14:51:00,15.079999999999998,0.0
381,2022-01-11T15:51:00,15.979999999999997,0.0
382,2022-01-11T16:51:00,15.979999999999997,0.0
383,2022-01-11T17:51:00,17.96,0.0
384,2022-01-11T18:51:00,17.96,0.0
385,2022-01-11T19:51:00,19.04,0.0
386,2022-01-11T20:51:00,19.04,0.0
387,2022-01-11T21:51:00,19.04,0.0
388,2022-01-11T22:51:00,19.04,0.0
389,2022-01-11T23:51:00,17.96,0.0
390,2022-01-12T00:51:00,17.06,0.0
391,2022-01-12T01:51:00,17.96,0.0
392,2022-01-12T02:51:00,17.96,0.0
393,2022-01-12T03:51:00,19.04,0.0
394,2022-01-12T04:51:00,19.939999999999998,0.0
396,2022-01-12T05:51:00,21.02,0.0
397,2022-01-12T06:51:00,21.02,0.0
398,2022-01-12T07:51:00,21.02,0.0
399,2022-01-12T08:51:00,21.92,0.0
400,2022-01-12T09:51:00,23.0,0.0
401,2022-01-12T10:51:00,24.98,0.0
402,2022-01-12T11:51:00,24.98,0.0
403,2022-01-12T12:51:00,26.96,0.0
404,2022-01-12T13:51:00,28.04,0.0
405,2022-01-12T14:51:00,30.02,0.0
406,2022-01-12T15:51:00,32.0,0.0
407,2022-01-12T16:51:00,33.98,0.0
408,2022-01-12T17:51:00,37.04,0.0
409,2022-01-12T18:51:00,37.94,0.0
410,2022-01-12T19:51:00,39.02,0.0
411,2022-01-12T20:51:00,39.02,0.0
412,2022-01-12T21:51:00,39.02,0.0
413,2022-01-12T22:51:00,37.94,0.0
414,2022-01-12T23:51:00,37.94,0.0
415,2022-01-13T00:51:00,39.02,0.0
416,2022-01-13T01:51:00,37.94,0.0
417,2022-01-13T02:51:00,37.04,0.0
418,2022-01-13T03:51:00,37.04,0.0
419,2022-01-13T04:51:00,37.04,0.0
421,2022-01-13T05:51:00,37.04,0.0
422,2022-01-13T06:51:00,35.96,0.0
423,2022-01-13T07:51:00,35.06,0.0
424,2022-01-13T08:51:00,35.06,0.0
425,2022-01-13T09:51:00,35.96,0.0
426,2022-01-13T10:51:00,37.04,0.0
427,2022-01-13T11:51:00,35.06,0.0
428,2022-01-13T12:51:00,35.06,0.0
429,2022-01-13T13:51:00,37.04,0.0
430,2022-01-13T14:51:00,41.0,0.0
431,2022-01-13T15:51:00,42.08,0.0
432,2022-01-13T16:51:00,46.04,0.0
433,2022-01-13T17:51:00,48.02,0.0
434,2022-01-13T18:51:00,48.02,0.0
435,2022-01-13T19:51:00,46.94,0.0
436,2022-01-13T20:51:00,44.96,0.0
437,2022-01-13T21:51:00,41.0,0.0
438,2022-01-13T22:51:00,41.0,0.0
439,2022-01-13T23:51:00,39.92,0.0
440,2022-01-14T00:51:00,39.92,0.0
441,2022-01-14T01:51:00,39.92,0.0
442,2022-01-14T02:51:00,41.0,0.0
443,2022-01-14T03:51:00,41.0,0.0
444,2022-01-14T04:51:00,39.02,0.0
446,2022-01-14T05:51:00,39.92,0.0
449,2022-01-14T06:51:00,39.92,0.0
451,2022-01-14T07:51:00,39.92,0.0
452,2022-01-14T08:51:00,39.92,0.0
456,2022-01-14T09:51:00,39.92,0.0
458,2022-01-14T10:51:00,39.92,0.0
459,2022-01-14T11:51:00,39.02,0.0
460,2022-01-14T12:51:00,39.02,0.0
461,2022-01-14T13:51:00,39.02,0.0
462,2022-01-14T14:51:00,41.0,0.0
463,2022-01-14T15:51:00,42.08,0.0
464,2022-01-14T16:51:00,42.08,0.0
465,2022-01-14T17:51:00,41.0,0.0
466,2022-01-14T18:51:00,39.92,0.0
467,2022-01-14T19:51:00,39.92,0.0
468,2022-01-14T20:51:00,39.92,0.0
469,2022-01-14T21:51:00,35.96,0.0
470,2022-01-14T22:51:00,33.98,0.0
471,2022-01-14T23:51:00,32.0,0.0
472,2022-01-15T00:51:00,30.92,0.0
473,2022-01-15T01:51:00,28.94,0.0
474,2022-01-15T02:51:00,26.96,0.0
475,2022-01-15T03:51:00,24.08,0.0
476,2022-01-15T04:51:00,21.02,0.0
478,2022-01-15T05:51:00,19.939999999999998,0.0
479,2022-01-15T06:51:00,17.96,0.0
480,2022-01-15T07:51:00,17.06,0.0
481,2022-01-15T08:51:00,15.079999999999998,0.0
482,2022-01-15T09:51:00,14.0,0.0
483,2022-01-15T10:51:00,12.920000000000002,0.0
484,2022-01-15T11:51:00,12.020000000000003,0.0
485,2022-01-15T12:51:00,10.940000000000001,0.0
486,2022-01-15T13:51:00,10.940000000000001,0.0
487,2022-01-15T14:51:00,12.020000000000003,0.0
488,2022-01-15T15:51:00,14.0,0.0
489,2022-01-15T16:51:00,17.06,0.0
490,2022-01-15T17:51:00,17.96,0.0
491,2022-01-15T18:51:00,19.939999999999998,0.0
492,2022-01-15T19:51:00,19.939999999999998,0.0
493,2022-01-15T20:51:00,19.04,0.0
494,2022-01-15T21:51:00,19.04,0.0
495,2022-01-15T22:51:00,17.96,0.0
496,2022-01-15T23:51:00,17.06,0.0
497,2022-01-16T00:51:00,15.979999999999997,0.0
498,2022-01-16T01:51:00,15.079999999999998,0.0
499,2022-01-16T02:51:00,12.920000000000002,0.0
500,2022-01-16T03:51:00,12.920000000000002,0.0
501,2022-01-16T04:51:00,12.020000000000003,0.0
503,2022-01-16T05:51:00,10.940000000000001,0.0
504,2022-01-16T06:51:00,10.940000000000001,0.0
505,2022-01-16T07:51:00,10.04,0.0
506,2022-01-16T08:51:00,10.04,0.0
507,2022-01-16T09:51:00,10.04,0.0
508,2022-01-16T10:51:00,10.940000000000001,0.0
509,2022-01-16T11:51:00,10.940000000000001,0.0
510,2022-01-16T12:51:00,10.940000000000001,0.0
511,2022-01-16T13:51:00,12.920000000000002,0.0
513,2022-01-16T14:51:00,15.979999999999997,0.0
514,2022-01-16T15:51:00,19.04,0.0
517,2022-01-16T16:51:00,21.92,0.0
518,2022-01-16T17:51:00,24.08,0.0
520,2022-01-16T18:51:00,24.98,0.0
521,2022-01-16T19:51:00,24.98,0.0
522,2022-01-16T20:51:00,26.96,0.0
523,2022-01-16T21:51:00,28.94,0.0
524,2022-01-16T22:51:00,30.92,0.0
525,2022-01-16T23:51:00,32.0,0.0
526,2022-01-17T00:00:00,32.0,0.0
527,2022-01-17T00:08:00,32.0,0.0
528,2022-01-17T00:17:00,30.92,0.2
529,2022-01-17T00:26:00,30.92,0.2
530,2022-01-17T00:35:00,30.92,0.5
531,2022-01-17T00:43:00,30.92,0.5
533,2022-01-17T00:51:00,30.92,0.8
534,2022-01-17T00:55:00,30.92,0.2
535,2022-01-17T01:46:00,32.0,1.0
536,2022-01-17T01:51:00,32.0,1.0
538,2022-01-17T02:51:00,33.08,1.8
539,2022-01-17T03:09:00,33.98,0.5
540,2022-01-17T03:51:00,35.06,2.3
541,2022-01-17T04:51:00,37.04,3.6
544,2022-01-17T05:51:00,37.94,4.1
545,2022-01-17T06:25:00,39.02,2.5
546,2022-01-17T06:47:00,39.2,3.8
547,2022-01-17T06:51:00,39.02,4.1
548,2022-01-17T07:01:00,39.02,0.5
549,2022-01-17T07:22:00,39.02,1.7
550,2022-01-17T07:51:00,39.02,4.3
551,2022-01-17T07:59:00,39.02,0.2
552,2022-01-17T08:19:00,39.02,1.2
553,2022-01-17T08:37:00,39.92,3.3
554,2022-01-17T08:51:00,39.92,7.4
555,2022-01-17T09:30:00,39.02,7.1
556,2022-01-17T09:38:00,39.92,8.1
557,2022-01-17T09:51:00,39.92,8.1
558,2022-01-17T10:00:00,39.92,0.7
559,2022-01-17T10:07:00,39.92,1.0
560,2022-01-17T10:51:00,41.0,0.8
563,2022-01-17T11:51:00,44.06,0.0
564,2022-01-17T12:51:00,42.08,0.0
566,2022-01-17T13:51:00,41.0,0.3
567,2022-01-17T14:51:00,39.02,0.3
568,2022-01-17T15:51:00,37.94,0.0
569,2022-01-17T16:51:00,37.94,0.0
570,2022-01-17T17:51:00,37.04,0.0
571,2022-01-17T18:51:00,35.96,0.0
572,2022-01-17T19:51:00,37.04,0.0
574,2022-01-17T20:51:00,37.04,0.0
575,2022-01-17T21:51:00,35.96,0.0
576,2022-01-17T22:51:00,35.06,0.0
577,2022-01-17T23:51:00,35.96,0.3
578,2022-01-18T00:51:00,35.96,0.0
579,2022-01-18T01:51:00,35.06,0.0
580,2022-01-18T02:51:00,35.06,0.0
581,2022-01-18T03:51:00,33.98,0.0
582,2022-01-18T04:51:00,33.98,0.0
584,2022-01-18T05:51:00,33.98,0.0
585,2022-01-18T06:51:00,33.08,0.0
586,2022-01-18T07:51:00,30.92,0.0
587,2022-01-18T08:51:00,30.02,0.0
588,2022-01-18T09:51:00,30.92,0.0
589,2022-01-18T10:51:00,30.92,0.0
590,2022-01-18T11:51:00,30.02,0.0
591,2022-01-18T12:51:00,30.92,0.0
592,2022-01-18T13:51:00,32.0,0.0
593,2022-01-18T14:51:00,33.08,0.0
594,2022-01-18T15:51:00,35.06,0.0
595,2022-01-18T16:51:00,35.06,0.0
596,2022-01-18T17:51:00,35.96,0.0
597,2022-01-18T18:51:00,35.96,0.0
598,2022-01-18T19:51:00,35.96,0.0
599,2022-01-18T20:51:00,35.96,0.0
600,2022-01-18T21:51:00,33.98,0.0
601,2022-01-18T22:51:00,33.08,0.0
602,2022-01-18T23:51:00,32.0,0.0
603,2022-01-19T00:51:00,30.92,0.0
604,2022-01-19T01:51:00,30.92,0.0
605,2022-01-19T02:51:00,30.02,0.0
606,2022-01-19T03:51:00,30.02,0.0
607,2022-01-19T04:51:00,30.02,0.0
609,2022-01-19T05:51:00,28.94,0.0
610,2022-01-19T06:51:00,30.92,0.0
611,2022-01-19T07:51:00,30.02,0.0
612,2022-01-19T08:51:00,30.92,0.0
613,2022-01-19T09:51:00,32.0,0.0
614,2022-01-19T10:51:00,33.08,0.0
615,2022-01-19T11:51:00,33.98,0.0
616,2022-01-19T12:51:00,35.06,0.0
617,2022-01-19T13:51:00,37.04,0.0
618,2022-01-19T14:51:00,37.94,0.0
619,2022-01-19T15:51:00,39.92,0.0
620,2022-01-19T16:51:00,42.08,0.0
621,2022-01-19T17:51:00,44.96,0.0
622,2022-01-19T18:51:00,48.02,0.0
623,2022-01-19T19:51:00,48.92,0.0
624,2022-01-19T20:51:00,48.92,0.0
625,2022-01-19T21:51:00,48.02,0.0
626,2022-01-19T22:51:00,48.02,0.0
627,2022-01-19T23:51:00,46.94,0.0
628,2022-01-20T00:51:00,48.02,0.0
629,2022-01-20T01:51:00,46.94,0.0
630,2022-01-20T02:51:00,46.94,0.0
631,2022-01-20T03:51:00,46.04,0.0
632,2022-01-20T04:51:00,44.96,0.0
634,2022-01-20T05:51:00,44.96,0.0
635,2022-01-20T06:51:00,44.96,0.0
636,2022-01-20T07:51:00,44.96,0.0
638,2022-01-20T08:51:00,42.08,0.8
639,2022-01-20T09:40:00,39.92,2.0
641,2022-01-20T09:51:00,39.92,1.8
642,2022-01-20T10:00:00,39.92,0.2
643,2022-01-20T10:51:00,39.92,0.8
644,2022-01-20T11:51:00,39.92,0.5
645,2022-01-20T12:14:00,39.02,0.2
646,2022-01-20T12:22:00,39.02,0.5
647,2022-01-20T12:51:00,37.94,1.3
648,2022-01-20T13:33:00,35.96,0.7
650,2022-01-20T13:51:00,35.06,1.0
651,2022-01-20T14:14:00,33.98,0.5
652,2022-01-20T14:51:00,33.08,0.8
653,2022-01-20T15:13:00,33.08,0.2
654,2022-01-20T15:35:00,32.0,0.5
655,2022-01-20T15:39:00,32.0,0.5
657,2022-01-20T15:51:00,32.0,0.5
658,2022-01-20T16:38:00,32.0,0.2
660,2022-01-20T16:47:00,32.0,0.3
661,2022-01-20T16:55:00,32.0,0.0
662,2022-01-20T17:11:00,33.08,0.0
664,2022-01-20T17:51:00,33.08,0.0
665,2022-01-20T18:51:00,33.98,0.0
666,2022-01-20T19:51:00,33.98,0.0
667,2022-01-20T20:51:00,33.08,0.0
668,2022-01-20T21:51:00,33.08,0.0
669,2022-01-20T22:51:00,32.0,0.0
670,2022-01-20T23:51:00,30.02,0.0
671,2022-01-21T00:51:00,28.94,0.0
672,2022-01-21T01:51:00,26.96,0.0
673,2022-01-21T02:51:00,26.060000000000002,0.0
674,2022-01-21T03:51:00,24.08,0.0
675,2022-01-21T04:51:00,23.0,0.0
677,2022-01-21T05:51:00,19.939999999999998,0.0
678,2022-01-21T06:51:00,19.04,0.0
679,2022-01-21T07:51:00,17.06,0.0
680,2022-01-21T08:51:00,15.979999999999997,0.0
681,2022-01-21T09:51:00,15.079999999999998,0.0
682,2022-01-21T10:51:00,15.079999999999998,0.0
683,2022-01-21T11:51:00,14.0,0.0
684,2022-01-21T12:51:00,14.0,0.0
685,2022-01-21T13:51:00,14.0,0.0
686,2022-01-21T14:51:00,15.079999999999998,0.0
687,2022-01-21T15:51:00,15.079999999999998,0.0
688,2022-01-21T16:51:00,19.04,0.0
689,2022-01-21T17:51:00,19.04,0.0
690,2022-01-21T18:51:00,19.939999999999998,0.0
691,2022-01-21T19:51:00,21.02,0.0
692,2022-01-21T20:51:00,21.02,0.0
693,2022-01-21T21:51:00,19.939999999999998,0.0
694,2022-01-21T22:51:00,19.939999999999998,0.0
695,2022-01-21T23:51:00,19.939999999999998,0.0
696,2022-01-22T00:51:00,19.939999999999998,0.0
697,2022-01-22T01:51:00,19.939999999999998,0.0
698,2022-01-22T02:51:00,19.04,0.0
699,2022-01-22T03:51:00,19.04,0.0
700,2022-01-22T04:51:00,17.96,0.0
702,2022-01-22T05:51:00,17.06,0.0
703,2022-01-22T06:51:00,15.979999999999997,0.0
704,2022-01-22T07:51:00,15.079999999999998,0.0
705,2022-01-22T08:51:00,14.0,0.0
706,2022-01-22T09:51:00,14.0,0.0
707,2022-01-22T10:51:00,14.0,0.0
708,2022-01-22T11:51:00,14.0,0.0
709,2022-01-22T12:51:00,14.0,0.0
710,2022-01-22T13:51:00,17.06,0.0
711,2022-01-22T14:51:00,19.04,0.0
712,2022-01-22T15:51:00,19.939999999999998,0.0
713,2022-01-22T16:51:00,24.98,0.0
714,2022-01-22T17:51:00,26.96,0.0
715,2022-01-22T18:51:00,28.94,0.0
716,2022-01-22T19:51:00,28.94,0.0
717,2022-01-22T20:51:00,28.94,0.0
718,2022-01-22T21:51:00,28.04,0.0
719,2022-01-22T22:51:00,28.04,0.0
720,2022-01-22T23:51:00,26.96,0.0
721,2022-01-23T00:51:00,26.96,0.0
722,2022-01-23T01:51:00,26.96,0.0
723,2022-01-23T02:51:00,26.96,0.0
724,2022-01-23T03:51:00,26.96,0.0
725,2022-01-23T04:51:00,26.060000000000002,0.0
727,2022-01-23T05:51:00,26.060000000000002,0.0
728,2022-01-23T06:51:00,26.060000000000002,0.0
729,2022-01-23T07:51:00,24.98,0.0
730,2022-01-23T08:51:00,24.98,0.0
731,2022-01-23T09:51:00,24.98,0.0
732,2022-01-23T10:51:00,24.08,0.0
733,2022-01-23T11:51:00,24.08,0.0
734,2022-01-23T12:51:00,24.98,0.0
735,2022-01-23T13:51:00,26.96,0.0
736,2022-01-23T14:51:00,28.04,0.0
737,2022-01-23T15:51:00,30.02,0.0
738,2022-01-23T16:51:00,33.08,0.0
739,2022-01-23T17:51:00,35.96,0.0
740,2022-01-23T18:51:00,35.96,0.0
741,2022-01-23T19:51:00,35.96,0.0
742,2022-01-23T20:51:00,35.96,0.0
743,2022-01-23T21:51:00,35.06,0.0
744,2022-01-23T22:51:00,35.06,0.0
745,2022-01-23T23:51:00,33.08,0.0
746,2022-01-24T00:37:00,30.92,0.0
747,2022-01-24T00:44:00,30.92,0.0
748,2022-01-24T00:51:00,30.92,0.3
749,2022-01-24T01:28:00,30.02,0.0
751,2022-01-24T01:51:00,30.02,0.3
753,2022-01-24T02:17:00,30.02,0.2
754,2022-01-24T02:23:00,30.02,0.2
755,2022-01-24T02:30:00,30.02,0.2
756,2022-01-24T02:51:00,30.02,0.0
757,2022-01-24T03:51:00,30.92,0.0
758,2022-01-24T04:51:00,32.0,0.0
760,2022-01-24T05:51:00,30.92,0.0
761,2022-01-24T06:51:00,32.0,0.0
762,2022-01-24T07:51:00,30.92,0.0
763,2022-01-24T08:51:00,30.92,0.0
765,2022-01-24T09:51:00,30.92,0.0
768,2022-01-24T10:51:00,30.02,0.0
771,2022-01-24T11:51:00,28.94,0.0
772,2022-01-24T12:51:00,28.04,0.0
774,2022-01-24T13:51:00,26.96,0.0
775,2022-01-24T14:51:00,26.96,0.0
777,2022-01-24T15:51:00,28.04,0.0
778,2022-01-24T16:51:00,30.92,0.0
779,2022-01-24T17:51:00,30.02,0.0
780,2022-01-24T18:51:00,30.92,0.0
781,2022-01-24T19:51:00,32.0,0.0
782,2022-01-24T20:51:00,33.08,0.0
783,2022-01-24T21:51:00,32.0,0.0
784,2022-01-24T22:51:00,32.0,0.0
785,2022-01-24T23:51:00,32.0,0.0
786,2022-01-25T00:51:00,33.08,0.0
787,2022-01-25T01:51:00,33.98,0.0
788,2022-01-25T02:51:00,35.06,0.0
789,2022-01-25T03:51:00,35.06,0.0
790,2022-01-25T04:51:00,35.96,0.0
792,2022-01-25T05:51:00,37.94,0.0
793,2022-01-25T06:51:00,37.94,0.0
794,2022-01-25T07:51:00,37.04,0.0
795,2022-01-25T08:51:00,37.04,0.0
796,2022-01-25T09:51:00,37.04,0.0
797,2022-01-25T10:51:00,37.04,0.0
798,2022-01-25T11:51:00,35.96,0.0
799,2022-01-25T12:51:00,35.96,0.0
800,2022-01-25T13:51:00,37.04,0.0
801,2022-01-25T14:51:00,37.04,0.0
802,2022-01-25T15:51:00,37.94,0.0
803,2022-01-25T16:51:00,39.02,0.0
804,2022-01-25T17:51:00,41.0,0.0
805,2022-01-25T18:51:00,42.08,0.0
806,2022-01-25T19:51:00,42.08,0.0
807,2022-01-25T20:51:00,39.92,0.0
808,2022-01-25T21:51:00,39.02,0.0
809,2022-01-25T22:51:00,35.96,0.0
810,2022-01-25T23:51:00,35.06,0.0
811,2022-01-26T00:51:00,33.08,0.0
812,2022-01-26T01:51:00,32.0,0.0
813,2022-01-26T02:51:00,30.92,0.0
814,2022-01-26T03:51:00,30.02,0.0
815,2022-01-26T04:51:00,28.94,0.0
817,2022-01-26T05:51:00,26.96,0.0
818,2022-01-26T06:51:00,24.98,0.0
819,2022-01-26T07:51:00,24.08,0.0
820,2022-01-26T08:51:00,23.0,0.0
821,2022-01-26T09:51:00,23.0,0.0
822,2022-01-26T10:51:00,21.92,0.0
824,2022-01-26T12:51:00,21.02,0.0
825,2022-01-26T13:51:00,21.02,0.0
826,2022-01-26T14:51:00,23.0,0.0
827,2022-01-26T15:51:00,24.08,0.0
828,2022-01-26T16:51:00,24.98,0.0
829,2022-01-26T17:51:00,26.060000000000002,0.0
830,2022-01-26T18:51:00,26.060000000000002,0.0
831,2022-01-26T19:51:00,26.060000000000002,0.0
832,2022-01-26T20:51:00,26.96,0.0
833,2022-01-26T21:51:00,24.98,0.0
834,2022-01-26T22:51:00,24.98,0.0
835,2022-01-26T23:51:00,24.98,0.0
836,2022-01-27T00:51:00,24.08,0.0
837,2022-01-27T01:51:00,23.0,0.0
838,2022-01-27T02:51:00,21.92,0.0
839,2022-01-27T03:51:00,21.02,0.0
840,2022-01-27T04:51:00,19.939999999999998,0.0
842,2022-01-27T05:51:00,19.939999999999998,0.0
843,2022-01-27T06:51:00,19.04,0.0
844,2022-01-27T07:51:00,17.96,0.0
845,2022-01-27T08:51:00,17.96,0.0
846,2022-01-27T09:51:00,17.96,0.0
847,2022-01-27T10:51:00,19.04,0.0
848,2022-01-27T11:51:00,19.04,0.0
849,2022-01-27T12:51:00,19.939999999999998,0.0
850,2022-01-27T13:51:00,21.92,0.0
851,2022-01-27T14:51:00,24.08,0.0
852,2022-01-27T15:51:00,26.96,0.0
853,2022-01-27T16:51:00,28.04,0.0
854,2022-01-27T17:51:00,28.94,0.0
855,2022-01-27T18:51:00,30.02,0.0
856,2022-01-27T19:51:00,30.92,0.0
857,2022-01-27T20:51:00,30.92,0.0
858,2022-01-27T21:51:00,30.92,0.0
859,2022-01-27T22:51:00,30.02,0.0
862,2022-01-27T23:51:00,30.92,0.0
863,2022-01-28T00:51:00,30.02,0.0
864,2022-01-28T01:51:00,30.02,0.0
865,2022-01-28T02:51:00,30.02,0.0
866,2022-01-28T03:51:00,30.02,0.0
867,2022-01-28T04:51:00,30.02,0.0
869,2022-01-28T05:51:00,30.02,0.0
870,2022-01-28T06:51:00,30.02,0.0
871,2022-01-28T07:51:00,30.92,0.0
872,2022-01-28T08:51:00,30.02,0.0
873,2022-01-28T09:51:00,30.02,0.0
874,2022-01-28T10:51:00,30.02,0.0
875,2022-01-28T11:51:00,30.92,0.0
876,2022-01-28T12:45:00,28.4,0.0
877,2022-01-28T12:51:00,30.02,0.0
878,2022-01-28T13:07:00,28.94,0.0
879,2022-01-28T13:12:00,28.94,0.0
880,2022-01-28T13:51:00,28.94,0.0
881,2022-01-28T14:51:00,30.02,0.3
882,2022-01-28T15:12:00,30.92,0.0
884,2022-01-28T15:51:00,30.92,0.0
885,2022-01-28T15:57:00,30.92,0.0
886,2022-01-28T16:08:00,30.92,0.0
887,2022-01-28T16:17:00,30.02,0.0
888,2022-01-28T16:37:00,30.92,0.2
889,2022-01-28T16:51:00,30.92,0.3
890,2022-01-28T16:58:00,30.92,0.0
891,2022-01-28T17:19:00,30.92,0.0
892,2022-01-28T17:51:00,30.92,0.0
893,2022-01-28T18:02:00,32.0,0.0
894,2022-01-28T18:25:00,30.92,0.0
895,2022-01-28T18:34:00,32.0,0.0
896,2022-01-28T18:51:00,32.0,0.0
899,2022-01-28T19:51:00,32.0,0.0
900,2022-01-28T20:12:00,32.0,0.0
901,2022-01-28T20:22:00,32.0,0.0
902,2022-01-28T20:29:00,32.0,0.0
903,2022-01-28T20:39:00,32.0,0.0
904,2022-01-28T20:51:00,32.0,0.0
905,2022-01-28T21:51:00,32.0,0.0
906,2022-01-28T22:51:00,32.0,0.0
910,2022-01-28T23:51:00,32.0,0.0
912,2022-01-29T00:44:00,30.92,0.0
913,2022-01-29T00:51:00,30.92,0.0
915,2022-01-29T01:51:00,30.02,0.5
916,2022-01-29T02:05:00,30.02,0.0
917,2022-01-29T02:15:00,30.02,0.0
918,2022-01-29T02:30:00,30.02,0.0
919,2022-01-29T02:51:00,30.02,0.3
920,2022-01-29T02:59:00,30.02,0.0
921,2022-01-29T03:31:00,30.02,0.2
923,2022-01-29T03:51:00,30.02,0.8
925,2022-01-29T04:51:00,28.94,1.3
926,2022-01-29T04:58:00,28.94,0.2
928,2022-01-29T05:51:00,26.96,1.3
929,2022-01-29T06:51:00,24.08,2.0
930,2022-01-29T07:37:00,24.08,1.5
931,2022-01-29T07:51:00,23.0,2.0
932,2022-01-29T08:09:00,23.0,0.7
933,2022-01-29T08:26:00,21.92,1.2
934,2022-01-29T08:34:00,21.92,1.5
935,2022-01-29T08:46:00,21.2,2.0
936,2022-01-29T08:51:00,21.02,2.3
937,2022-01-29T08:58:00,21.92,0.0
938,2022-01-29T09:51:00,21.02,1.5
939,2022-01-29T10:51:00,19.939999999999998,1.3
940,2022-01-29T11:22:00,19.939999999999998,0.5
941,2022-01-29T11:51:00,19.04,1.3
942,2022-01-29T12:29:00,17.06,1.0
943,2022-01-29T12:51:00,15.979999999999997,1.5
944,2022-01-29T13:35:00,15.979999999999997,0.7
945,2022-01-29T13:51:00,15.979999999999997,1.0
946,2022-01-29T14:10:00,15.079999999999998,0.5
947,2022-01-29T14:25:00,15.079999999999998,0.7
948,2022-01-29T14:51:00,15.079999999999998,1.0
949,2022-01-29T15:51:00,15.979999999999997,1.3
950,2022-01-29T16:51:00,15.979999999999997,1.0
951,2022-01-29T17:10:00,15.979999999999997,0.7
952,2022-01-29T17:28:00,15.979999999999997,1.5
953,2022-01-29T17:51:00,15.979999999999997,1.3
954,2022-01-29T18:05:00,15.979999999999997,0.0
955,2022-01-29T18:25:00,17.06,0.2
956,2022-01-29T18:51:00,17.96,0.5
957,2022-01-29T19:37:00,17.96,0.2
958,2022-01-29T19:51:00,19.04,0.3
959,2022-01-29T20:00:00,19.04,0.0
960,2022-01-29T20:51:00,19.04,0.0
961,2022-01-29T21:51:00,19.04,0.0
962,2022-01-29T22:51:00,19.04,0.0
963,2022-01-29T23:51:00,19.04,0.0
964,2022-01-30T00:51:00,17.96,0.0
965,2022-01-30T01:51:00,15.979999999999997,0.0
966,2022-01-30T02:51:00,14.0,0.0
967,2022-01-30T03:51:00,12.920000000000002,0.0
968,2022-01-30T04:51:00,12.020000000000003,0.0
970,2022-01-30T05:51:00,12.020000000000003,0.0
971,2022-01-30T06:51:00,12.920000000000002,0.0
972,2022-01-30T07:51:00,12.920000000000002,0.0
973,2022-01-30T08:51:00,12.020000000000003,0.0
974,2022-01-30T09:51:00,12.920000000000002,0.0
975,2022-01-30T10:51:00,12.920000000000002,0.0
976,2022-01-30T11:51:00,12.920000000000002,0.0
977,2022-01-30T12:51:00,12.920000000000002,0.0
978,2022-01-30T13:51:00,14.0,0.0
979,2022-01-30T14:51:00,15.979999999999997,0.0
980,2022-01-30T15:51:00,19.04,0.0
981,2022-01-30T16:51:00,19.939999999999998,0.0
982,2022-01-30T17:51:00,23.0,0.0
983,2022-01-30T18:51:00,24.08,0.0
984,2022-01-30T19:51:00,24.08,0.0
985,2022-01-30T20:51:00,26.060000000000002,0.0
986,2022-01-30T21:51:00,23.0,0.0
987,2022-01-30T22:51:00,23.0,0.0
988,2022-01-30T23:51:00,23.0,0.0
989,2022-01-31T00:51:00,24.08,0.0
990,2022-01-31T01:51:00,23.0,0.0
991,2022-01-31T02:51:00,23.0,0.0
992,2022-01-31T03:51:00,23.0,0.0
993,2022-01-31T04:51:00,23.0,0.0
995,2022-01-31T05:51:00,23.0,0.0
996,2022-01-31T06:51:00,21.92,0.0
997,2022-01-31T07:51:00,21.92,0.0
998,2022-01-31T08:51:00,21.02,0.0
999,2022-01-31T09:51:00,21.02,0.0
1000,2022-01-31T10:51:00,21.02,0.0
1001,2022-01-31T11:51:00,21.92,0.0
1002,2022-01-31T12:51:00,21.92,0.0
1003,2022-01-31T13:51:00,24.98,0.0
1004,2022-01-31T14:51:00,26.060000000000002,0.0
1005,2022-01-31T15:51:00,26.96,0.0
1006,2022-01-31T16:51:00,28.94,0.0
1007,2022-01-31T17:51:00,30.92,0.0
1008,2022-01-31T18:51:00,30.02,0.0
1009,2022-01-31T19:51:00,30.02,0.0
1010,2022-01-31T20:51:00,30.02,0.0
1011,2022-01-31T21:51:00,28.04,0.0
1012,2022-01-31T22:51:00,26.96,0.0
1013,2022-01-31T23:51:00,26.96,0.0
1014,2022-02-01T00:51:00,26.060000000000002,0.0
1015,2022-02-01T01:51:00,26.060000000000002,0.0
1016,2022-02-01T02:51:00,26.96,0.0
1017,2022-02-01T03:51:00,24.98,0.0
1018,2022-02-01T04:51:00,26.060000000000002,0.0
1021,2022-02-01T05:51:00,24.98,0.0
1022,2022-02-01T06:51:00,26.060000000000002,0.0
1023,2022-02-01T07:51:00,24.98,0.0
1024,2022-02-01T08:51:00,24.08,0.0
1025,2022-02-01T09:51:00,24.08,0.0
1026,2022-02-01T10:51:00,23.0,0.0
1027,2022-02-01T11:51:00,23.0,0.0
1028,2022-02-01T12:51:00,24.08,0.0
1029,2022-02-01T13:51:00,26.96,0.0
1030,2022-02-01T14:51:00,30.02,0.0
1031,2022-02-01T15:51:00,30.92,0.0
1032,2022-02-01T16:51:00,33.08,0.0
1033,2022-02-01T17:51:00,35.06,0.0
1034,2022-02-01T18:51:00,35.96,0.0
1035,2022-02-01T19:51:00,35.06,0.0
1036,2022-02-01T20:51:00,35.06,0.0
1037,2022-02-01T21:51:00,33.98,0.0
1038,2022-02-01T22:51:00,33.08,0.0
1039,2022-02-01T23:51:00,33.08,0.0
1040,2022-02-02T00:51:00,33.98,0.0
1041,2022-02-02T01:51:00,33.98,0.0
1042,2022-02-02T02:51:00,33.98,0.0
1043,2022-02-02T03:51:00,33.98,0.0
1044,2022-02-02T04:51:00,33.98,0.0
1046,2022-02-02T05:51:00,32.0,0.0
1047,2022-02-02T06:51:00,32.0,0.0
1049,2022-02-02T07:51:00,33.98,0.0
1051,2022-02-02T08:51:00,33.98,0.0
1052,2022-02-02T09:51:00,33.98,0.0
1056,2022-02-02T10:51:00,33.08,0.0
1059,2022-02-02T11:51:00,33.08,0.0
1062,2022-02-02T12:51:00,35.06,0.0
1063,2022-02-02T13:51:00,37.94,0.0
1066,2022-02-02T14:51:00,39.92,0.0
1069,2022-02-02T15:51:00,41.0,0.0
1072,2022-02-02T16:51:00,42.08,0.0
1074,2022-02-02T17:51:00,46.04,0.0
1076,2022-02-02T18:51:00,46.94,0.0
1078,2022-02-02T19:51:00,44.96,0.0
1080,2022-02-02T20:51:00,46.04,0.0
1082,2022-02-02T21:51:00,42.08,0.0
1083,2022-02-02T22:51:00,42.980000000000004,0.0
1085,2022-02-02T23:51:00,41.0,0.0
1086,2022-02-03T00:51:00,41.0,0.0
1087,2022-02-03T01:51:00,41.0,0.0
1090,2022-02-03T02:51:00,41.0,0.0
1093,2022-02-03T03:51:00,41.0,0.0
1097,2022-02-03T04:51:00,42.08,0.0
1104,2022-02-03T05:51:00,42.08,0.0
1109,2022-02-03T06:51:00,44.06,0.0
1113,2022-02-03T07:51:00,42.980000000000004,0.0
1116,2022-02-03T08:51:00,42.980000000000004,0.0
1117,2022-02-03T09:51:00,44.96,0.0
1118,2022-02-03T10:51:00,46.04,0.0
1119,2022-02-03T11:03:00,44.96,0.0
1120,2022-02-03T11:15:00,44.96,0.0
1121,2022-02-03T11:51:00,44.96,0.5
1122,2022-02-03T12:36:00,44.96,0.5
1123,2022-02-03T12:51:00,44.96,0.5
1124,2022-02-03T13:51:00,44.96,0.3
1125,2022-02-03T14:37:00,46.04,0.2
1126,2022-02-03T14:51:00,46.04,0.3
1127,2022-02-03T15:51:00,48.02,0.3
1128,2022-02-03T15:57:00,46.94,0.2
1129,2022-02-03T16:07:00,46.94,0.2
1130,2022-02-03T16:15:00,46.94,0.2
1131,2022-02-03T16:20:00,46.94,0.5
1132,2022-02-03T16:26:00,46.94,0.7
1133,2022-02-03T16:29:00,46.94,0.7
1134,2022-02-03T16:43:00,46.04,1.2
1136,2022-02-03T16:51:00,46.04,1.5
1137,2022-02-03T17:16:00,46.04,0.2
1138,2022-02-03T17:47:00,44.6,1.0
1139,2022-02-03T17:51:00,44.96,0.8
1140,2022-02-03T17:54:00,44.96,0.0
1141,2022-02-03T18:49:00,44.6,0.7
1142,2022-02-03T18:51:00,44.96,1.0
1143,2022-02-03T19:13:00,44.96,0.5
1144,2022-02-03T19:20:00,44.96,0.5
1145,2022-02-03T19:51:00,46.04,0.3
1146,2022-02-03T20:51:00,46.04,0.3
1147,2022-02-03T21:32:00,46.04,0.2
1149,2022-02-03T21:51:00,46.04,0.5
1150,2022-02-03T22:02:00,46.04,0.2
1151,2022-02-03T22:09:00,46.04,0.5
1152,2022-02-03T22:19:00,46.04,0.7
1153,2022-02-03T22:34:00,46.04,1.0
1154,2022-02-03T22:51:00,46.04,1.8
1155,2022-02-03T23:10:00,46.04,0.5
1157,2022-02-03T23:51:00,46.04,0.8
1158,2022-02-04T00:25:00,46.04,0.2
1159,2022-02-04T00:41:00,46.04,0.2
1160,2022-02-04T00:51:00,46.94,0.5
1161,2022-02-04T01:51:00,46.94,0.5
1162,2022-02-04T02:51:00,48.92,0.5
1163,2022-02-04T03:51:00,51.08,0.0
1164,2022-02-04T04:51:00,51.98,0.5
1166,2022-02-04T05:51:00,53.96,0.3
1167,2022-02-04T06:51:00,55.04,0.0
1168,2022-02-04T07:10:00,55.04,0.0
1169,2022-02-04T07:44:00,55.04,0.2
1170,2022-02-04T07:51:00,55.04,0.8
1171,2022-02-04T08:11:00,55.04,0.5
1172,2022-02-04T08:40:00,55.04,0.7
1173,2022-02-04T08:51:00,55.04,1.3
1174,2022-02-04T09:51:00,55.94,1.5
1175,2022-02-04T10:51:00,55.94,1.0
1176,2022-02-04T11:51:00,55.94,0.0
1177,2022-02-04T12:15:00,44.96,0.0
1178,2022-02-04T12:23:00,41.0,0.0
1179,2022-02-04T12:41:00,37.94,0.7
1180,2022-02-04T12:51:00,37.94,1.8
1181,2022-02-04T13:01:00,37.04,0.2
1182,2022-02-04T13:51:00,35.96,0.8
1183,2022-02-04T14:33:00,35.06,0.2
1184,2022-02-04T14:51:00,35.96,0.5
1185,2022-02-04T15:51:00,33.98,1.3
1186,2022-02-04T16:36:00,33.98,1.2
1187,2022-02-04T16:51:00,33.98,1.5
1188,2022-02-04T17:13:00,33.98,0.0
1189,2022-02-04T17:51:00,33.08,0.8
1190,2022-02-04T18:17:00,33.98,0.2
1191,2022-02-04T18:44:00,33.98,0.5
1192,2022-02-04T18:51:00,33.98,0.5
1193,2022-02-04T19:12:00,33.08,0.2
1194,2022-02-04T19:21:00,32.0,0.5
1195,2022-02-04T19:42:00,32.0,0.7
1196,2022-02-04T19:51:00,32.0,1.8
1197,2022-02-04T20:06:00,32.0,0.7
1198,2022-02-04T20:15:00,32.0,0.7
1199,2022-02-04T20:19:00,32.0,1.0
1200,2022-02-04T20:22:00,32.0,1.2
1201,2022-02-04T20:48:00,32.0,3.3
1202,2022-02-04T20:51:00,32.0,3.0
1203,2022-02-04T21:01:00,32.0,0.2
1204,2022-02-04T21:12:00,32.0,0.2
1205,2022-02-04T21:19:00,30.92,0.5
1206,2022-02-04T21:46:00,30.2,0.7
1207,2022-02-04T21:51:00,30.92,0.8
1208,2022-02-04T22:02:00,30.92,0.2
1209,2022-02-04T22:12:00,30.92,0.2
1210,2022-02-04T22:28:00,30.02,0.2
1211,2022-02-04T22:48:00,30.2,0.5
1212,2022-02-04T22:51:00,30.02,0.5
1213,2022-02-04T23:24:00,28.94,0.2
1214,2022-02-04T23:51:00,28.94,0.3
1215,2022-02-05T00:51:00,28.04,0.0
1216,2022-02-05T01:30:00,28.04,0.0
1217,2022-02-05T01:51:00,28.04,0.0
1219,2022-02-05T02:46:00,28.4,0.0
1220,2022-02-05T02:51:00,26.96,0.0
1221,2022-02-05T03:00:00,26.96,0.0
1222,2022-02-05T03:51:00,26.96,0.0
1223,2022-02-05T04:51:00,26.96,0.0
1225,2022-02-05T05:51:00,26.060000000000002,0.0
1226,2022-02-05T06:51:00,26.060000000000002,0.0
1228,2022-02-05T07:51:00,24.08,0.0
1230,2022-02-05T08:51:00,24.08,0.0
1231,2022-02-05T09:51:00,23.0,0.0
1232,2022-02-05T10:51:00,23.0,0.0
1233,2022-02-05T11:51:00,21.92,0.0
1234,2022-02-05T12:51:00,21.92,0.0
1235,2022-02-05T13:51:00,21.92,0.0
1236,2022-02-05T14:51:00,23.0,0.0
1237,2022-02-05T15:51:00,24.98,0.0
1238,2022-02-05T16:51:00,26.060000000000002,0.0
1239,2022-02-05T17:51:00,24.98,0.0
1240,2022-02-05T18:51:00,26.060000000000002,0.0
1241,2022-02-05T19:51:00,24.98,0.0
1242,2022-02-05T20:51:00,24.98,0.0
1243,2022-02-05T21:51:00,24.98,0.0
1244,2022-02-05T22:51:00,24.08,0.0
1245,2022-02-05T23:51:00,23.0,0.0
1246,2022-02-06T00:51:00,21.92,0.0
1247,2022-02-06T01:51:00,21.02,0.0
1248,2022-02-06T02:51:00,19.939999999999998,0.0
1249,2022-02-06T03:51:00,19.04,0.0
1250,2022-02-06T04:51:00,19.04,0.0
1252,2022-02-06T05:51:00,17.96,0.0
1253,2022-02-06T06:51:00,17.96,0.0
1254,2022-02-06T07:51:00,17.96,0.0
1255,2022-02-06T08:51:00,17.96,0.0
1256,2022-02-06T09:51:00,17.96,0.0
1257,2022-02-06T10:51:00,17.06,0.0
1258,2022-02-06T11:51:00,17.06,0.0
1259,2022-02-06T12:51:00,17.96,0.0
1260,2022-02-06T13:51:00,19.939999999999998,0.0
1261,2022-02-06T14:51:00,21.02,0.0
1262,2022-02-06T15:51:00,23.0,0.0
1263,2022-02-06T16:51:00,24.98,0.0
1264,2022-02-06T17:51:00,26.96,0.0
1265,2022-02-06T18:51:00,28.94,0.0
1266,2022-02-06T19:51:00,30.02,0.0
1267,2022-02-06T20:51:00,30.02,0.0
1268,2022-02-06T21:51:00,28.94,0.0
1269,2022-02-06T22:51:00,28.94,0.0
1270,2022-02-06T23:51:00,28.94,0.0
1271,2022-02-07T00:51:00,28.94,0.0
1272,2022-02-07T01:51:00,28.94,0.0
1275,2022-02-07T02:51:00,28.94,0.0
1277,2022-02-07T03:51:00,28.94,0.0
1278,2022-02-07T04:51:00,30.02,0.0
1282,2022-02-07T05:51:00,30.92,0.0
1283,2022-02-07T06:51:00,30.92,0.0
1285,2022-02-07T07:51:00,30.92,0.0
1287,2022-02-07T08:33:00,32.0,0.0
1288,2022-02-07T08:51:00,32.0,0.0
1291,2022-02-07T09:31:00,32.0,0.0
1292,2022-02-07T09:51:00,32.0,0.0
1295,2022-02-07T10:51:00,32.0,0.0
1296,2022-02-07T11:51:00,32.0,0.0
1297,2022-02-07T12:37:00,32.0,0.0
1298,2022-02-07T12:51:00,33.08,0.0
1299,2022-02-07T13:03:00,33.08,0.0
1300,2022-02-07T13:39:00,32.0,0.0
1301,2022-02-07T13:51:00,32.0,0.3
1302,2022-02-07T14:13:00,32.0,0.2
1303,2022-02-07T14:25:00,32.0,0.2
1304,2022-02-07T14:31:00,32.0,0.2
1305,2022-02-07T14:51:00,33.08,0.3
1306,2022-02-07T15:31:00,33.98,0.2
1308,2022-02-07T15:51:00,33.98,0.8
1309,2022-02-07T16:03:00,33.98,0.2
1310,2022-02-07T16:12:00,35.06,0.2
1311,2022-02-07T16:27:00,35.06,0.2
1312,2022-02-07T16:37:00,35.96,0.5
1313,2022-02-07T16:46:00,35.6,0.5
1314,2022-02-07T16:51:00,35.96,0.3
1315,2022-02-07T17:07:00,35.06,0.0
1316,2022-02-07T17:16:00,35.06,0.0
1317,2022-02-07T17:32:00,35.06,0.0
1318,2022-02-07T17:42:00,35.96,0.0
1320,2022-02-07T17:51:00,35.96,0.0
1321,2022-02-07T18:38:00,37.04,0.2
1322,2022-02-07T18:51:00,37.04,0.5
1323,2022-02-07T19:17:00,37.04,0.0
1324,2022-02-07T19:41:00,37.04,0.0
1326,2022-02-07T19:51:00,37.04,0.0
1327,2022-02-07T20:06:00,37.04,0.0
1328,2022-02-07T20:24:00,37.04,0.2
1329,2022-02-07T20:33:00,37.04,0.5
1331,2022-02-07T20:51:00,37.04,0.5
1335,2022-02-07T21:51:00,35.96,0.0
1338,2022-02-07T22:51:00,35.96,0.0
1341,2022-02-07T23:51:00,35.96,0.0
1343,2022-02-08T00:51:00,35.96,0.0
1344,2022-02-08T01:51:00,37.04,0.0
1345,2022-02-08T02:47:00,35.6,0.5
1346,2022-02-08T02:51:00,37.04,0.8
1347,2022-02-08T02:58:00,35.96,0.2
1348,2022-02-08T03:10:00,35.96,0.2
1349,2022-02-08T03:26:00,37.04,0.2
1351,2022-02-08T03:51:00,37.04,0.0
1352,2022-02-08T03:59:00,37.04,0.0
1353,2022-02-08T04:51:00,35.96,0.5
1355,2022-02-08T05:51:00,35.96,1.0
1356,2022-02-08T06:46:00,35.6,1.0
1357,2022-02-08T06:51:00,35.96,0.8
1358,2022-02-08T07:23:00,35.96,0.0
1359,2022-02-08T07:51:00,35.96,0.0
1361,2022-02-08T08:51:00,35.96,0.0
1362,2022-02-08T09:51:00,35.96,0.0
1364,2022-02-08T10:51:00,35.96,0.0
1367,2022-02-08T11:51:00,35.96,0.0
1369,2022-02-08T12:51:00,35.06,0.0
1370,2022-02-08T13:51:00,37.04,0.0
1371,2022-02-08T14:51:00,39.02,0.0
1372,2022-02-08T15:51:00,41.0,0.0
1373,2022-02-08T16:51:00,44.06,0.0
1374,2022-02-08T17:51:00,44.06,0.0
1375,2022-02-08T18:51:00,44.06,0.0
1376,2022-02-08T19:51:00,39.02,0.0
1377,2022-02-08T20:51:00,37.94,0.0
1378,2022-02-08T21:51:00,37.04,0.0
1379,2022-02-08T22:51:00,35.96,0.0
1380,2022-02-08T23:51:00,35.96,0.0
1381,2022-02-09T00:51:00,35.96,0.0
1382,2022-02-09T01:51:00,35.06,0.0
1383,2022-02-09T02:51:00,33.98,0.0
1384,2022-02-09T03:51:00,33.08,0.0
1385,2022-02-09T04:51:00,32.0,0.0
1387,2022-02-09T05:51:00,32.0,0.0
1388,2022-02-09T06:51:00,30.92,0.0
1389,2022-02-09T07:51:00,30.02,0.0
1390,2022-02-09T08:51:00,30.02,0.0
1391,2022-02-09T09:51:00,30.02,0.0
1392,2022-02-09T10:51:00,30.02,0.0
1393,2022-02-09T11:51:00,30.92,0.0
1394,2022-02-09T12:51:00,30.92,0.0
1395,2022-02-09T13:51:00,33.98,0.0
1396,2022-02-09T14:51:00,35.96,0.0
1397,2022-02-09T15:51:00,39.02,0.0
1398,2022-02-09T16:51:00,41.0,0.0
1399,2022-02-09T17:51:00,44.06,0.0
1400,2022-02-09T18:51:00,46.04,0.0
1401,2022-02-09T19:51:00,42.980000000000004,0.0
1402,2022-02-09T20:51:00,42.08,0.0
1403,2022-02-09T21:51:00,41.0,0.0
1404,2022-02-09T22:51:00,39.92,0.0
1405,2022-02-09T23:51:00,39.2,0.0
1406,2022-02-10T00:51:00,41.0,0.0
1407,2022-02-10T01:51:00,41.0,0.0
1408,2022-02-10T02:51:00,42.08,0.0
1409,2022-02-10T03:51:00,42.08,0.0
1410,2022-02-10T04:51:00,41.0,0.0
1412,2022-02-10T05:51:00,39.92,0.0
1413,2022-02-10T06:51:00,39.02,0.0
1414,2022-02-10T07:51:00,39.92,0.0
1415,2022-02-10T08:51:00,42.08,0.0
1416,2022-02-10T09:51:00,41.0,0.0
1417,2022-02-10T10:51:00,39.92,0.0
1418,2022-02-10T11:51:00,37.94,0.0
1419,2022-02-10T12:51:00,42.980000000000004,0.0
1420,2022-02-10T13:51:00,44.06,0.0
1421,2022-02-10T14:51:00,44.96,0.0
1422,2022-02-10T15:51:00,48.02,0.0
1423,2022-02-10T16:51:00,51.08,0.0
1424,2022-02-10T17:51:00,53.06,0.0
1425,2022-02-10T18:51:00,51.98,0.0
1426,2022-02-10T19:51:00,51.98,0.0
1427,2022-02-10T20:51:00,51.08,0.0
1428,2022-02-10T21:51:00,50.0,0.0
1429,2022-02-10T22:51:00,48.92,0.0
1430,2022-02-10T23:51:00,48.02,0.0
1431,2022-02-11T00:51:00,46.94,0.0
1432,2022-02-11T01:51:00,44.96,0.0
1433,2022-02-11T02:51:00,42.980000000000004,0.0
1434,2022-02-11T03:51:00,44.06,0.0
1435,2022-02-11T04:51:00,44.06,0.0
1437,2022-02-11T05:51:00,44.96,0.0
1438,2022-02-11T06:51:00,44.06,0.0
1439,2022-02-11T07:51:00,44.06,0.0
1440,2022-02-11T08:51:00,42.980000000000004,0.0
1441,2022-02-11T09:51:00,42.08,0.0
1442,2022-02-11T10:51:00,39.92,0.0
1443,2022-02-11T11:51:00,39.92,0.0
1444,2022-02-11T12:51:00,44.06,0.0
1445,2022-02-11T13:51:00,46.94,0.0
1446,2022-02-11T14:51:00,50.0,0.0
1447,2022-02-11T15:51:00,53.06,0.0
1448,2022-02-11T16:51:00,55.04,0.0
1449,2022-02-11T17:51:00,57.02,0.0
1450,2022-02-11T18:51:00,55.04,0.0
1451,2022-02-11T19:51:00,53.96,0.0
1452,2022-02-11T20:51:00,51.98,0.0
1453,2022-02-11T21:51:00,51.08,0.0
1454,2022-02-11T22:51:00,50.0,0.0
1455,2022-02-11T23:51:00,50.0,0.0
1456,2022-02-12T00:51:00,50.0,0.0
1457,2022-02-12T01:51:00,51.08,0.0
1458,2022-02-12T02:51:00,53.06,0.0
1459,2022-02-12T03:51:00,53.06,0.0
1460,2022-02-12T04:51:00,53.96,0.0
1462,2022-02-12T05:51:00,55.04,0.0
1463,2022-02-12T06:51:00,55.94,0.0
1464,2022-02-12T07:51:00,53.96,0.0
1465,2022-02-12T08:51:00,53.96,0.0
1466,2022-02-12T09:51:00,53.96,0.0
1467,2022-02-12T10:51:00,53.96,0.0
1468,2022-02-12T11:51:00,53.06,0.0
1469,2022-02-12T12:51:00,53.06,0.0
1470,2022-02-12T13:51:00,51.98,0.0
1471,2022-02-12T14:51:00,53.96,0.0
1472,2022-02-12T15:51:00,57.02,0.0
1473,2022-02-12T16:51:00,57.02,0.0
1474,2022-02-12T17:51:00,57.02,0.0
1475,2022-02-12T18:51:00,55.94,0.0
1476,2022-02-12T19:51:00,57.02,0.0
1477,2022-02-12T20:51:00,55.04,0.0
1478,2022-02-12T21:51:00,53.06,0.0
1479,2022-02-12T22:51:00,51.98,0.0
1480,2022-02-12T23:51:00,50.0,0.0
1481,2022-02-13T00:51:00,48.02,0.0
1482,2022-02-13T01:51:00,46.94,0.0
1483,2022-02-13T02:51:00,46.04,0.0
1484,2022-02-13T03:51:00,42.980000000000004,0.0
1485,2022-02-13T04:51:00,42.08,0.0
1487,2022-02-13T05:51:00,41.0,0.0
1488,2022-02-13T06:51:00,39.92,0.0
1489,2022-02-13T07:51:00,37.94,0.0
1490,2022-02-13T08:21:00,35.96,0.0
1491,2022-02-13T08:51:00,33.08,0.8
1492,2022-02-13T09:13:00,33.08,0.5
1493,2022-02-13T09:23:00,32.0,1.0
1494,2022-02-13T09:30:00,32.0,1.2
1495,2022-02-13T09:51:00,32.0,1.8
1496,2022-02-13T09:59:00,32.0,0.2
1497,2022-02-13T10:07:00,32.0,0.2
1498,2022-02-13T10:23:00,30.92,0.5
1499,2022-02-13T10:40:00,32.0,0.7
1501,2022-02-13T10:51:00,30.92,0.8
1502,2022-02-13T11:07:00,30.92,0.0
1503,2022-02-13T11:17:00,30.92,0.0
1504,2022-02-13T11:33:00,30.92,0.2
1505,2022-02-13T11:48:00,30.2,0.2
1506,2022-02-13T11:51:00,32.0,0.3
1507,2022-02-13T11:58:00,30.92,0.0
1508,2022-02-13T12:01:00,32.0,0.0
1509,2022-02-13T12:29:00,32.0,0.2
1510,2022-02-13T12:39:00,32.0,0.2
1511,2022-02-13T12:51:00,30.92,0.8
1513,2022-02-13T13:51:00,30.92,0.5
1514,2022-02-13T13:55:00,30.92,0.0
1515,2022-02-13T14:01:00,30.92,0.0
1517,2022-02-13T14:23:00,32.0,0.0
1518,2022-02-13T14:33:00,32.0,0.0
1519,2022-02-13T14:48:00,32.0,0.0
1520,2022-02-13T14:51:00,32.0,0.0
1523,2022-02-13T15:46:00,32.0,0.2
1524,2022-02-13T15:51:00,32.0,0.3
1525,2022-02-13T16:36:00,32.0,0.2
1526,2022-02-13T16:51:00,32.0,0.3
1527,2022-02-13T17:19:00,30.92,0.2
1528,2022-02-13T17:27:00,30.92,0.2
1531,2022-02-13T17:51:00,30.92,0.3
1532,2022-02-13T18:01:00,30.92,0.0
1533,2022-02-13T18:15:00,30.92,0.0
1534,2022-02-13T18:51:00,30.92,0.3
1535,2022-02-13T19:06:00,30.02,0.0
1536,2022-02-13T19:16:00,30.92,0.0
1537,2022-02-13T19:24:00,30.02,0.0
1538,2022-02-13T19:51:00,30.02,0.0
1539,2022-02-13T19:56:00,30.02,0.0
1540,2022-02-13T20:11:00,30.02,0.0
1541,2022-02-13T20:34:00,30.02,0.0
1542,2022-02-13T20:51:00,30.02,0.0
1543,2022-02-13T20:56:00,30.02,0.0
1544,2022-02-13T21:17:00,28.94,0.0
1545,2022-02-13T21:51:00,28.94,0.0
1546,2022-02-13T22:51:00,28.94,0.0
1547,2022-02-13T23:51:00,28.94,0.0
1548,2022-02-14T00:51:00,28.04,0.0
1549,2022-02-14T01:51:00,28.04,0.0
1550,2022-02-14T02:51:00,26.060000000000002,0.0
1551,2022-02-14T03:51:00,24.98,0.0
1552,2022-02-14T04:51:00,24.98,0.0
1554,2022-02-14T05:51:00,24.08,0.0
1555,2022-02-14T06:51:00,21.92,0.0
1556,2022-02-14T07:51:00,19.939999999999998,0.0
1557,2022-02-14T08:51:00,19.04,0.0
1558,2022-02-14T09:51:00,17.96,0.0
1559,2022-02-14T10:51:00,17.06,0.0
1560,2022-02-14T11:51:00,15.979999999999997,0.0
1561,2022-02-14T12:51:00,15.979999999999997,0.0
1562,2022-02-14T13:51:00,17.06,0.0
1563,2022-02-14T14:51:00,17.96,0.0
1564,2022-02-14T15:51:00,19.04,0.0
1565,2022-02-14T16:51:00,21.92,0.0
1566,2022-02-14T17:51:00,23.0,0.0
1567,2022-02-14T18:51:00,23.0,0.0
1568,2022-02-14T19:51:00,23.0,0.0
1569,2022-02-14T20:51:00,24.08,0.0
1570,2022-02-14T21:51:00,24.08,0.0
1571,2022-02-14T22:51:00,23.0,0.0
1572,2022-02-14T23:51:00,23.0,0.0
1573,2022-02-15T00:51:00,21.92,0.0
1574,2022-02-15T01:51:00,21.02,0.0
1575,2022-02-15T02:51:00,19.939999999999998,0.0
1576,2022-02-15T03:51:00,19.4,0.0
1577,2022-02-15T04:51:00,19.04,0.0
1579,2022-02-15T05:51:00,17.96,0.0
1580,2022-02-15T06:51:00,17.96,0.0
1581,2022-02-15T07:51:00,17.06,0.0
1582,2022-02-15T08:51:00,17.06,0.0
1583,2022-02-15T09:51:00,17.06,0.0
1584,2022-02-15T10:51:00,15.979999999999997,0.0
1585,2022-02-15T11:51:00,17.06,0.0
1586,2022-02-15T12:51:00,17.06,0.0
1587,2022-02-15T13:51:00,19.04,0.0
1588,2022-02-15T14:51:00,19.939999999999998,0.0
1589,2022-02-15T15:51:00,23.0,0.0
1590,2022-02-15T16:51:00,24.8,0.0
1591,2022-02-15T17:51:00,26.96,0.0
1592,2022-02-15T18:51:00,28.04,0.0
1593,2022-02-15T19:51:00,28.94,0.0
1594,2022-02-15T20:51:00,28.94,0.0
1595,2022-02-15T21:51:00,28.94,0.0
1596,2022-02-15T22:51:00,30.02,0.0
1597,2022-02-15T23:51:00,28.04,0.0
1598,2022-02-16T00:51:00,28.04,0.0
1599,2022-02-16T01:51:00,28.94,0.0
1600,2022-02-16T02:51:00,28.94,0.0
1601,2022-02-16T03:51:00,28.04,0.0
1602,2022-02-16T04:51:00,28.94,0.0
1604,2022-02-16T05:51:00,28.94,0.0
1605,2022-02-16T06:51:00,28.94,0.0
1606,2022-02-16T07:51:00,28.94,0.0
1607,2022-02-16T08:51:00,30.02,0.0
1608,2022-02-16T09:51:00,30.92,0.0
1609,2022-02-16T10:51:00,30.92,0.0
1610,2022-02-16T11:51:00,30.92,0.0
1611,2022-02-16T12:51:00,33.08,0.0
1612,2022-02-16T13:51:00,35.06,0.0
1613,2022-02-16T14:51:00,37.94,0.0
1614,2022-02-16T15:51:00,39.92,0.0
1615,2022-02-16T16:51:00,42.08,0.0
1616,2022-02-16T17:51:00,42.08,0.0
1617,2022-02-16T18:51:00,42.08,0.0
1618,2022-02-16T19:51:00,42.980000000000004,0.0
1619,2022-02-16T20:51:00,42.980000000000004,0.0
1620,2022-02-16T21:51:00,42.980000000000004,0.0
1621,2022-02-16T22:51:00,42.08,0.0
1622,2022-02-16T23:51:00,42.08,0.0
1623,2022-02-17T00:51:00,44.96,0.0
1624,2022-02-17T01:51:00,44.96,0.0
1625,2022-02-17T02:51:00,46.04,0.0
1626,2022-02-17T03:51:00,46.94,0.0
1627,2022-02-17T04:51:00,48.92,0.0
1629,2022-02-17T05:51:00,50.0,0.0
1630,2022-02-17T06:51:00,51.08,0.0
1631,2022-02-17T07:51:00,51.08,0.0
1632,2022-02-17T08:51:00,51.98,0.0
1633,2022-02-17T09:51:00,53.06,0.0
1634,2022-02-17T10:51:00,53.06,0.0
1635,2022-02-17T11:51:00,53.96,0.0
1636,2022-02-17T12:51:00,55.94,0.0
1637,2022-02-17T13:51:00,59.0,0.0
1638,2022-02-17T14:51:00,62.059999999999995,0.0
1639,2022-02-17T15:51:00,62.059999999999995,0.0
1640,2022-02-17T16:51:00,64.94,0.0
1641,2022-02-17T17:51:00,66.02,0.0
1642,2022-02-17T18:51:00,68.0,0.0
1643,2022-02-17T19:51:00,62.959999999999994,0.0
1644,2022-02-17T20:51:00,60.08,0.0
1645,2022-02-17T21:51:00,60.08,0.0
1646,2022-02-17T22:51:00,59.0,0.0
1647,2022-02-17T23:51:00,59.0,0.0
1648,2022-02-18T00:51:00,59.0,0.0
1649,2022-02-18T01:51:00,57.02,0.0
1650,2022-02-18T02:51:00,57.02,1.0
1651,2022-02-18T03:40:00,55.94,3.5
1653,2022-02-18T03:51:00,55.94,4.3
1654,2022-02-18T04:51:00,57.02,2.5
1656,2022-02-18T05:51:00,57.02,1.5
1657,2022-02-18T06:08:00,57.02,0.7
1658,2022-02-18T06:24:00,57.92,1.5
1659,2022-02-18T06:31:00,57.02,1.7
1660,2022-02-18T06:51:00,57.02,2.5
1661,2022-02-18T07:51:00,57.92,0.3
1662,2022-02-18T08:51:00,60.980000000000004,0.0
1663,2022-02-18T09:51:00,62.059999999999995,0.0
1664,2022-02-18T10:51:00,62.059999999999995,0.0
1665,2022-02-18T11:33:00,62.959999999999994,0.0
1666,2022-02-18T11:41:00,60.08,4.0
1667,2022-02-18T11:44:00,59.0,4.0
1669,2022-02-18T11:51:00,59.0,4.1
1670,2022-02-18T12:51:00,53.06,0.0
1671,2022-02-18T13:51:00,46.04,0.0
1672,2022-02-18T14:51:00,39.02,0.0
1673,2022-02-18T15:51:00,39.02,0.0
1674,2022-02-18T16:51:00,39.92,0.0
1675,2022-02-18T17:51:00,41.0,0.0
1676,2022-02-18T18:51:00,41.0,0.0
1677,2022-02-18T19:51:00,39.92,0.0
1678,2022-02-18T20:51:00,37.94,0.0
1679,2022-02-18T21:51:00,37.04,0.0
1680,2022-02-18T22:51:00,33.98,0.0
1681,2022-02-18T23:51:00,33.08,0.0
1682,2022-02-19T00:51:00,30.92,0.0
1683,2022-02-19T01:51:00,30.02,0.0
1684,2022-02-19T02:51:00,28.94,0.0
1685,2022-02-19T03:51:00,28.04,0.0
1686,2022-02-19T04:51:00,26.96,0.0
1688,2022-02-19T05:51:00,26.96,0.0
1689,2022-02-19T06:51:00,26.060000000000002,0.0
1690,2022-02-19T07:51:00,26.060000000000002,0.0
1691,2022-02-19T08:51:00,26.060000000000002,0.0
1692,2022-02-19T09:51:00,28.94,0.0
1693,2022-02-19T10:51:00,30.02,0.0
1694,2022-02-19T11:51:00,28.94,0.0
1695,2022-02-19T12:51:00,30.02,0.0
1696,2022-02-19T13:51:00,33.08,0.0
1697,2022-02-19T14:51:00,35.06,0.0
1698,2022-02-19T15:51:00,37.94,0.0
1699,2022-02-19T16:51:00,37.04,0.0
1700,2022-02-19T17:51:00,35.96,0.0
1701,2022-02-19T18:51:00,37.04,0.0
1702,2022-02-19T19:51:00,39.02,0.0
1703,2022-02-19T20:16:00,35.96,0.0
1704,2022-02-19T20:24:00,35.06,0.0
1705,2022-02-19T20:27:00,35.06,0.0
1706,2022-02-19T20:39:00,35.96,0.0
1707,2022-02-19T20:51:00,35.96,0.0
1708,2022-02-19T21:51:00,33.98,0.0
1709,2022-02-19T22:51:00,30.92,0.0
1710,2022-02-19T23:51:00,28.94,0.0
1711,2022-02-20T00:51:00,26.96,0.0
1712,2022-02-20T01:51:00,26.060000000000002,0.0
1713,2022-02-20T02:51:00,24.98,0.0
1714,2022-02-20T03:51:00,24.08,0.0
1715,2022-02-20T04:51:00,24.08,0.0
1717,2022-02-20T05:51:00,23.0,0.0
1718,2022-02-20T06:51:00,21.92,0.0
1719,2022-02-20T07:51:00,21.92,0.0
1720,2022-02-20T08:51:00,21.92,0.0
1721,2022-02-20T09:51:00,21.02,0.0
1722,2022-02-20T10:51:00,21.02,0.0
1723,2022-02-20T11:51:00,21.02,0.0
1724,2022-02-20T12:51:00,21.92,0.0
1725,2022-02-20T13:51:00,24.08,0.0
1726,2022-02-20T14:51:00,24.98,0.0
1727,2022-02-20T15:51:00,26.96,0.0
1728,2022-02-20T16:51:00,28.94,0.0
1729,2022-02-20T17:51:00,32.0,0.0
1730,2022-02-20T18:51:00,33.08,0.0
1731,2022-02-20T19:51:00,35.96,0.0
1732,2022-02-20T20:51:00,35.06,0.0
1733,2022-02-20T21:51:00,35.96,0.0
1734,2022-02-20T22:51:00,35.96,0.0
1735,2022-02-20T23:51:00,33.98,0.0
1736,2022-02-21T00:51:00,33.98,0.0
1737,2022-02-21T01:51:00,33.08,0.0
1738,2022-02-21T02:51:00,33.08,0.0
1739,2022-02-21T03:51:00,33.08,0.0
1740,2022-02-21T04:51:00,33.98,0.0
1742,2022-02-21T05:51:00,33.08,0.0
1743,2022-02-21T06:51:00,33.08,0.0
1744,2022-02-21T07:51:00,33.08,0.0
1745,2022-02-21T08:51:00,33.08,0.0
1746,2022-02-21T09:51:00,33.08,0.0
1747,2022-02-21T10:51:00,33.98,0.0
1748,2022-02-21T11:51:00,33.98,0.0
1749,2022-02-21T12:51:00,35.06,0.0
1750,2022-02-21T13:51:00,37.04,0.0
1751,2022-02-21T14:51:00,39.02,0.0
1752,2022-02-21T15:51:00,44.06,0.0
1753,2022-02-21T16:51:00,48.02,0.0
1754,2022-02-21T17:51:00,51.08,0.0
1755,2022-02-21T18:51:00,53.96,0.0
1757,2022-02-21T20:51:00,51.08,0.0
1758,2022-02-21T21:51:00,48.02,0.0
1759,2022-02-21T22:51:00,46.94,0.0
1760,2022-02-21T23:51:00,46.04,0.0
1761,2022-02-22T00:51:00,46.04,0.0
1762,2022-02-22T01:51:00,44.96,0.0
1763,2022-02-22T02:51:00,44.06,0.0
1764,2022-02-22T03:51:00,42.08,0.0
1765,2022-02-22T04:51:00,42.08,0.0
1767,2022-02-22T05:51:00,39.92,0.0
1768,2022-02-22T06:51:00,39.02,0.0
1769,2022-02-22T07:51:00,39.02,0.0
1770,2022-02-22T08:51:00,37.94,0.0
1771,2022-02-22T09:51:00,37.94,0.0
1774,2022-02-22T10:51:00,37.94,0.0
1777,2022-02-22T11:51:00,39.02,0.0
1781,2022-02-22T12:51:00,39.92,0.0
1782,2022-02-22T13:51:00,39.92,0.0
1783,2022-02-22T14:51:00,42.08,0.0
1786,2022-02-22T15:51:00,46.04,0.0
1787,2022-02-22T16:51:00,51.08,0.0
1789,2022-02-22T17:51:00,53.06,0.0
1790,2022-02-22T18:51:00,53.06,0.3
1793,2022-02-22T19:27:00,53.06,0.5
1794,2022-02-22T19:49:00,53.6,1.0
1795,2022-02-22T19:51:00,53.06,1.0
1796,2022-02-22T20:01:00,53.06,0.0
1797,2022-02-22T20:19:00,53.06,0.0
1798,2022-02-22T20:51:00,55.04,0.0
1799,2022-02-22T21:42:00,53.96,1.2
1801,2022-02-22T21:51:00,53.96,1.8
1802,2022-02-22T22:51:00,53.06,1.5
1803,2022-02-22T23:03:00,53.96,0.0
1805,2022-02-22T23:51:00,53.96,1.5
1806,2022-02-23T00:51:00,55.04,0.5
1809,2022-02-23T01:51:00,57.92,0.0
1811,2022-02-23T02:51:00,59.0,0.0
1813,2022-02-23T03:51:00,59.0,0.0
1814,2022-02-23T04:51:00,60.980000000000004,0.0
1816,2022-02-23T05:51:00,60.980000000000004,0.0
1817,2022-02-23T06:51:00,60.980000000000004,0.0
1818,2022-02-23T07:51:00,60.980000000000004,0.0
1819,2022-02-23T08:51:00,60.980000000000004,0.0
1820,2022-02-23T09:51:00,60.980000000000004,0.0
1821,2022-02-23T10:51:00,60.980000000000004,0.0
1822,2022-02-23T11:51:00,60.08,0.0
1823,2022-02-23T12:51:00,60.08,0.0
1824,2022-02-23T13:51:00,60.08,0.0
1825,2022-02-23T14:51:00,60.980000000000004,0.0
1826,2022-02-23T15:51:00,62.059999999999995,0.0
1827,2022-02-23T16:51:00,62.059999999999995,0.0
1828,2022-02-23T17:51:00,64.04,0.0
1829,2022-02-23T18:51:00,66.02,0.0
1830,2022-02-23T19:51:00,68.0,0.0
1831,2022-02-23T20:51:00,64.94,0.0
1832,2022-02-23T21:51:00,62.959999999999994,0.0
1833,2022-02-23T22:51:00,60.08,0.0
1834,2022-02-23T23:51:00,48.92,0.0
1835,2022-02-24T00:51:00,42.980000000000004,0.0
1836,2022-02-24T01:51:00,41.0,0.0
1837,2022-02-24T02:51:00,37.94,0.0
1838,2022-02-24T03:51:00,35.96,0.0
1839,2022-02-24T04:51:00,35.06,0.0
1841,2022-02-24T05:51:00,33.08,0.0
1842,2022-02-24T06:51:00,33.08,0.0
1843,2022-02-24T07:51:00,32.0,0.0
1844,2022-02-24T08:51:00,30.92,0.0
1845,2022-02-24T09:51:00,30.92,0.0
1846,2022-02-24T10:51:00,30.02,0.0
1847,2022-02-24T11:51:00,30.02,0.0
1848,2022-02-24T12:51:00,28.94,0.0
1849,2022-02-24T13:51:00,28.94,0.0
1850,2022-02-24T14:51:00,30.02,0.0
1851,2022-02-24T15:51:00,30.92,0.0
1852,2022-02-24T16:51:00,30.92,0.0
1853,2022-02-24T17:51:00,32.0,0.0
1854,2022-02-24T18:51:00,32.0,0.0
1855,2022-02-24T19:51:00,33.08,0.0
1856,2022-02-24T20:51:00,33.08,0.0
1857,2022-02-24T21:51:00,33.08,0.0
1858,2022-02-24T22:51:00,32.0,0.0
1859,2022-02-24T23:51:00,32.0,0.0
1860,2022-02-25T00:51:00,32.0,0.0
1861,2022-02-25T01:51:00,32.0,0.0
1862,2022-02-25T02:51:00,33.08,0.0
1863,2022-02-25T03:51:00,32.0,0.0
1864,2022-02-25T04:51:00,32.0,0.0
1866,2022-02-25T05:51:00,30.92,0.0
1867,2022-02-25T06:27:00,30.92,0.2
1868,2022-02-25T06:51:00,30.92,1.0
1869,2022-02-25T06:59:00,30.92,0.2
1870,2022-02-25T07:42:00,30.02,3.0
1871,2022-02-25T07:51:00,30.02,3.6
1872,2022-02-25T08:02:00,30.02,0.5
1873,2022-02-25T08:13:00,30.02,1.5
1874,2022-02-25T08:19:00,30.92,2.0
1875,2022-02-25T08:27:00,30.92,2.7
1876,2022-02-25T08:51:00,32.0,3.3
1877,2022-02-25T09:15:00,32.0,0.7
1878,2022-02-25T09:25:00,32.0,1.5
1879,2022-02-25T09:34:00,32.0,1.7
1880,2022-02-25T09:46:00,32.0,2.0
1881,2022-02-25T09:51:00,32.0,2.3
1882,2022-02-25T10:02:00,32.0,0.5
1883,2022-02-25T10:09:00,32.0,1.0
1884,2022-02-25T10:18:00,32.0,1.5
1885,2022-02-25T10:23:00,32.0,1.7
1887,2022-02-25T10:51:00,32.0,1.8
1888,2022-02-25T11:00:00,32.0,0.2
1889,2022-02-25T11:22:00,32.0,0.5
1891,2022-02-25T11:51:00,32.0,0.8
1892,2022-02-25T12:07:00,32.0,0.2
1893,2022-02-25T12:19:00,32.0,0.2
1894,2022-02-25T12:36:00,32.0,0.5
1895,2022-02-25T12:43:00,32.0,0.7
1897,2022-02-25T12:51:00,32.0,1.3
1898,2022-02-25T13:02:00,32.0,0.0
1899,2022-02-25T13:38:00,30.92,0.2
1900,2022-02-25T13:51:00,30.92,1.5
1901,2022-02-25T14:03:00,30.92,0.7
1902,2022-02-25T14:09:00,30.92,1.0
1903,2022-02-25T14:25:00,30.92,1.7
1904,2022-02-25T14:35:00,30.92,2.5
1905,2022-02-25T14:45:00,30.2,3.5
1907,2022-02-25T14:51:00,30.92,3.0
1908,2022-02-25T15:51:00,32.0,0.0
1909,2022-02-25T16:51:00,32.0,0.0
1910,2022-02-25T16:56:00,32.0,0.0
1911,2022-02-25T17:23:00,32.0,0.0
1912,2022-02-25T17:46:00,32.0,0.0
1913,2022-02-25T17:51:00,32.0,0.0
1915,2022-02-25T18:51:00,33.98,0.0
1918,2022-02-25T19:51:00,37.04,0.3
1920,2022-02-25T20:51:00,41.0,0.0
1921,2022-02-25T21:22:00,39.92,0.0
1922,2022-02-25T21:51:00,39.92,0.0
1923,2022-02-25T22:51:00,37.94,0.0
1924,2022-02-25T23:51:00,35.96,0.0
1925,2022-02-26T00:51:00,33.08,0.0
1926,2022-02-26T01:51:00,30.92,0.0
1927,2022-02-26T02:51:00,28.94,0.0
1928,2022-02-26T03:51:00,26.96,0.0
1929,2022-02-26T04:51:00,26.060000000000002,0.0
1931,2022-02-26T05:51:00,24.98,0.0
1932,2022-02-26T06:51:00,24.98,0.0
1933,2022-02-26T07:51:00,24.08,0.0
1934,2022-02-26T08:51:00,24.08,0.0
1935,2022-02-26T09:51:00,24.08,0.0
1936,2022-02-26T10:51:00,24.08,0.0
1937,2022-02-26T11:51:00,24.08,0.0
1938,2022-02-26T12:51:00,24.98,0.0
1939,2022-02-26T13:51:00,26.060000000000002,0.0
1940,2022-02-26T14:51:00,26.96,0.0
1941,2022-02-26T15:51:00,28.94,0.0
1942,2022-02-26T16:51:00,32.0,0.0
1943,2022-02-26T17:51:00,33.98,0.0
1944,2022-02-26T18:51:00,35.96,0.0
1945,2022-02-26T19:51:00,35.96,0.0
1946,2022-02-26T20:51:00,35.06,0.0
1949,2022-02-26T21:51:00,35.06,0.0
1950,2022-02-26T22:51:00,35.06,0.0
1951,2022-02-26T23:51:00,33.98,0.0
1952,2022-02-27T00:51:00,33.98,0.0
1953,2022-02-27T01:51:00,33.08,0.0
1954,2022-02-27T02:51:00,32.0,0.0
1955,2022-02-27T03:51:00,30.92,0.0
1956,2022-02-27T04:51:00,30.92,0.0
1958,2022-02-27T05:51:00,30.92,0.0
1959,2022-02-27T06:51:00,30.02,0.0
1960,2022-02-27T07:51:00,30.02,0.0
1961,2022-02-27T08:51:00,28.94,0.0
1962,2022-02-27T09:51:00,28.94,0.0
1963,2022-02-27T10:51:00,28.94,0.0
1964,2022-02-27T11:51:00,28.04,0.0
1965,2022-02-27T12:51:00,30.02,0.0
1966,2022-02-27T13:51:00,30.92,0.0
1967,2022-02-27T14:51:00,33.98,0.0
1968,2022-02-27T15:51:00,37.94,0.0
1969,2022-02-27T16:51:00,39.92,0.0
1970,2022-02-27T17:51:00,42.980000000000004,0.0
1971,2022-02-27T18:51:00,44.96,0.0
1972,2022-02-27T19:51:00,46.94,0.0
1973,2022-02-27T20:51:00,46.94,0.0
1974,2022-02-27T21:51:00,46.94,0.0
1975,2022-02-27T22:51:00,46.04,0.0
1976,2022-02-27T23:51:00,46.04,0.0
1977,2022-02-28T00:51:00,44.06,0.0
1978,2022-02-28T01:51:00,41.0,0.0
1979,2022-02-28T02:51:00,39.02,0.0
1980,2022-02-28T03:51:00,35.96,0.0
1981,2022-02-28T04:51:00,33.08,0.0
2000,2022-02-28T22:51:00,33.98,0.0
2001,2022-02-28T23:51:00,33.08,0.0
2002,2022-03-01T00:51:00,33.08,0.0
2003,2022-03-01T01:51:00,30.92,0.0
2004,2022-03-01T02:51:00,30.92,0.0
2005,2022-03-01T03:51:00,30.92,0.0
2006,2022-03-01T04:51:00,32.0,0.0
2009,2022-03-01T05:51:00,32.0,0.0
2010,2022-03-01T06:51:00,32.0,0.0
2011,2022-03-01T07:51:00,32.0,0.0
2012,2022-03-01T08:51:00,33.08,0.0
2013,2022-03-01T09:51:00,33.08,0.0
2014,2022-03-01T10:51:00,33.98,0.0
2015,2022-03-01T11:51:00,35.96,0.0
2016,2022-03-01T12:51:00,37.04,0.0
2017,2022-03-01T13:51:00,37.94,0.0
2018,2022-03-01T14:51:00,39.02,0.0
2019,2022-03-01T15:51:00,39.92,0.0
2020,2022-03-01T16:51:00,41.0,0.0
2021,2022-03-01T17:51:00,42.08,0.0
2022,2022-03-01T18:51:00,42.980000000000004,0.0
2023,2022-03-01T19:51:00,44.06,0.0
2024,2022-03-01T20:51:00,44.96,0.0
2025,2022-03-01T21:51:00,44.96,0.0
2026,2022-03-01T22:51:00,44.96,0.0
2027,2022-03-01T23:51:00,46.04,0.0
2028,2022-03-02T00:51:00,46.04,0.0
2029,2022-03-02T01:51:00,46.94,0.0
2030,2022-03-02T02:51:00,48.02,0.0
2031,2022-03-02T03:51:00,46.94,0.0
2032,2022-03-02T04:51:00,46.94,0.0
2034,2022-03-02T05:51:00,46.04,0.0
2035,2022-03-02T06:51:00,46.04,0.0
2036,2022-03-02T07:51:00,44.06,0.0
2037,2022-03-02T08:51:00,44.06,0.0
2038,2022-03-02T09:51:00,42.980000000000004,0.0
2039,2022-03-02T10:51:00,42.08,0.0
2040,2022-03-02T11:51:00,39.92,0.0
2041,2022-03-02T12:51:00,39.92,0.0
2042,2022-03-02T13:51:00,41.0,0.0
2043,2022-03-02T14:51:00,42.980000000000004,0.0
2044,2022-03-02T15:51:00,44.96,0.0
2045,2022-03-02T16:51:00,46.04,0.0
2046,2022-03-02T17:51:00,46.94,0.0
2047,2022-03-02T18:51:00,48.92,0.0
2048,2022-03-02T19:51:00,50.0,0.0
2049,2022-03-02T20:51:00,51.08,0.0
2050,2022-03-02T21:51:00,51.08,0.0
2051,2022-03-02T22:51:00,50.0,0.0
2052,2022-03-02T23:51:00,46.04,0.0
2053,2022-03-03T00:51:00,44.96,0.0
2054,2022-03-03T01:51:00,44.96,0.0
2055,2022-03-03T02:51:00,44.96,0.0
2056,2022-03-03T03:51:00,46.94,0.0
2057,2022-03-03T04:51:00,48.02,0.0
2059,2022-03-03T05:51:00,46.04,0.0
2060,2022-03-03T06:51:00,46.04,0.0
2061,2022-03-03T07:51:00,46.04,0.0
2062,2022-03-03T08:51:00,44.06,0.5
2063,2022-03-03T09:51:00,44.06,0.3
2064,2022-03-03T10:09:00,42.980000000000004,0.0
2065,2022-03-03T10:35:00,39.92,0.0
2066,2022-03-03T10:51:00,39.92,0.0
2067,2022-03-03T11:51:00,39.02,0.0
2068,2022-03-03T12:51:00,39.02,0.0
2069,2022-03-03T13:51:00,39.02,0.0
2070,2022-03-03T14:51:00,39.02,0.0
2071,2022-03-03T15:51:00,39.02,0.0
2072,2022-03-03T16:51:00,41.0,0.0
2073,2022-03-03T17:51:00,41.0,0.0
2074,2022-03-03T18:51:00,41.0,0.0
2075,2022-03-03T19:51:00,39.92,0.0
2076,2022-03-03T20:51:00,39.02,0.0
2077,2022-03-03T21:51:00,37.04,0.0
2078,2022-03-03T22:51:00,35.06,0.0
2079,2022-03-03T23:51:00,33.08,0.0
2080,2022-03-04T00:51:00,30.92,0.0
2081,2022-03-04T01:51:00,28.04,0.0
2082,2022-03-04T02:51:00,26.96,0.0
2083,2022-03-04T03:51:00,26.060000000000002,0.0
2084,2022-03-04T04:51:00,24.08,0.0
2086,2022-03-04T05:51:00,23.0,0.0
2087,2022-03-04T06:51:00,23.0,0.0
2088,2022-03-04T07:51:00,21.92,0.0
2089,2022-03-04T08:51:00,21.92,0.0
2090,2022-03-04T09:51:00,21.02,0.0
2091,2022-03-04T10:51:00,21.02,0.0
2092,2022-03-04T11:51:00,21.02,0.0
2093,2022-03-04T12:51:00,21.02,0.0
2094,2022-03-04T13:51:00,23.0,0.0
2095,2022-03-04T14:51:00,24.98,0.0
2096,2022-03-04T15:51:00,28.04,0.0
2097,2022-03-04T16:51:00,30.92,0.0
2098,2022-03-04T17:51:00,33.08,0.0
2099,2022-03-04T18:51:00,35.06,0.0
2100,2022-03-04T19:51:00,35.96,0.0
2101,2022-03-04T20:51:00,35.96,0.0
2102,2022-03-04T21:51:00,35.96,0.0
2103,2022-03-04T22:51:00,35.96,0.0
2104,2022-03-04T23:51:00,35.96,0.0
2105,2022-03-05T00:51:00,35.96,0.0
2106,2022-03-05T01:51:00,35.96,0.0
2107,2022-03-05T02:51:00,35.06,0.0
2108,2022-03-05T03:51:00,35.06,0.0
2109,2022-03-05T04:51:00,33.98,0.0
2111,2022-03-05T05:51:00,33.98,0.0
2112,2022-03-05T06:51:00,33.98,0.0
2113,2022-03-05T07:51:00,33.08,0.0
2114,2022-03-05T08:51:00,33.08,0.0
2115,2022-03-05T09:51:00,33.08,0.0
2116,2022-03-05T10:51:00,33.08,0.0
2117,2022-03-05T11:51:00,33.98,0.0
2118,2022-03-05T12:51:00,35.06,0.0
2119,2022-03-05T13:51:00,37.04,0.0
2120,2022-03-05T14:51:00,39.92,0.0
2121,2022-03-05T15:51:00,42.08,0.0
2122,2022-03-05T16:51:00,42.980000000000004,0.0
2123,2022-03-05T17:51:00,44.06,0.0
2124,2022-03-05T18:51:00,44.96,0.0
2125,2022-03-05T19:51:00,44.06,0.0
2126,2022-03-05T20:51:00,42.08,0.0
2127,2022-03-05T21:51:00,42.08,0.0
2128,2022-03-05T22:51:00,41.0,0.0
2129,2022-03-05T23:51:00,41.0,0.0
2130,2022-03-06T00:51:00,42.08,0.0
2131,2022-03-06T01:51:00,42.980000000000004,0.0
2133,2022-03-06T02:51:00,44.06,0.0
2134,2022-03-06T03:51:00,44.96,0.0
2135,2022-03-06T04:51:00,44.96,0.0
2138,2022-03-06T05:51:00,46.04,0.0
2139,2022-03-06T06:51:00,44.06,0.0
2142,2022-03-06T07:51:00,42.980000000000004,0.0
2143,2022-03-06T08:51:00,44.06,0.0
2146,2022-03-06T09:51:00,42.980000000000004,0.0
2147,2022-03-06T10:51:00,44.06,0.0
2148,2022-03-06T11:51:00,44.96,0.0
2150,2022-03-06T12:51:00,50.0,0.0
2151,2022-03-06T13:51:00,50.0,0.0
2153,2022-03-06T14:19:00,51.08,0.2
2154,2022-03-06T14:38:00,51.98,0.2
2155,2022-03-06T14:51:00,51.98,0.3
2156,2022-03-06T15:13:00,50.0,0.5
2157,2022-03-06T15:24:00,50.0,0.7
2158,2022-03-06T15:31:00,51.08,1.0
2159,2022-03-06T15:41:00,51.08,1.2
2160,2022-03-06T15:51:00,51.98,1.3
2161,2022-03-06T15:58:00,53.06,0.0
2163,2022-03-06T16:34:00,53.96,0.0
2164,2022-03-06T16:43:00,55.04,0.0
2165,2022-03-06T16:51:00,55.04,0.0
2166,2022-03-06T17:51:00,57.92,0.0
2168,2022-03-06T18:39:00,62.959999999999994,0.0
2169,2022-03-06T18:51:00,64.04,0.0
2170,2022-03-06T19:51:00,66.92,0.0
2171,2022-03-06T20:51:00,68.0,0.0
2172,2022-03-06T21:51:00,66.92,0.0
2173,2022-03-06T22:51:00,66.02,0.0
2174,2022-03-06T23:51:00,66.02,0.0
2175,2022-03-07T00:51:00,66.02,0.0
2176,2022-03-07T01:51:00,66.92,0.0
2177,2022-03-07T02:51:00,66.92,0.0
2178,2022-03-07T03:51:00,66.92,0.0
2179,2022-03-07T04:51:00,66.02,0.0
2181,2022-03-07T05:51:00,66.02,0.0
2182,2022-03-07T06:51:00,66.02,0.0
2183,2022-03-07T07:51:00,66.02,0.0
2184,2022-03-07T08:51:00,64.94,0.0
2185,2022-03-07T09:51:00,64.94,0.0
2186,2022-03-07T10:51:00,62.059999999999995,0.0
2187,2022-03-07T11:51:00,59.0,0.0
2188,2022-03-07T12:51:00,60.980000000000004,0.0
2189,2022-03-07T13:51:00,66.02,0.0
2190,2022-03-07T14:51:00,66.02,0.0
2191,2022-03-07T15:51:00,68.0,0.0
2192,2022-03-07T16:51:00,68.0,0.0
2193,2022-03-07T17:51:00,73.04,0.0
2194,2022-03-07T18:51:00,73.94,0.0
2195,2022-03-07T19:51:00,73.94,0.0
2196,2022-03-07T20:51:00,73.04,0.0
2197,2022-03-07T21:51:00,66.92,0.8
2198,2022-03-07T22:51:00,69.98,0.0
2199,2022-03-07T23:51:00,69.98,0.0
2200,2022-03-08T00:51:00,71.06,0.0
2201,2022-03-08T01:51:00,71.06,0.0
2202,2022-03-08T02:51:00,62.959999999999994,0.0
2203,2022-03-08T03:51:00,60.08,0.0
2204,2022-03-08T04:51:00,51.08,0.0
2206,2022-03-08T05:51:00,46.94,0.0
2207,2022-03-08T06:51:00,44.96,0.0
2208,2022-03-08T07:51:00,44.06,0.0
2209,2022-03-08T08:51:00,42.08,0.0
2210,2022-03-08T09:51:00,41.0,0.0
2211,2022-03-08T10:51:00,39.92,0.0
2212,2022-03-08T11:51:00,39.92,0.0
2213,2022-03-08T12:51:00,39.92,0.0
2214,2022-03-08T13:51:00,41.0,0.0
2215,2022-03-08T14:51:00,41.0,0.0
2216,2022-03-08T15:51:00,42.980000000000004,0.0
2217,2022-03-08T16:51:00,44.96,0.0
2218,2022-03-08T17:51:00,44.96,0.0
2219,2022-03-08T18:51:00,44.96,0.0
2220,2022-03-08T19:51:00,44.96,0.0
2221,2022-03-08T20:51:00,46.04,0.0
2222,2022-03-08T21:51:00,44.06,0.0
2223,2022-03-08T22:51:00,44.06,0.0
2224,2022-03-08T23:51:00,42.980000000000004,0.0
2225,2022-03-09T00:51:00,42.08,0.0
2226,2022-03-09T01:51:00,41.0,0.0
2227,2022-03-09T02:51:00,41.0,0.0
2228,2022-03-09T03:51:00,39.92,0.0
2229,2022-03-09T04:51:00,39.92,0.0
2231,2022-03-09T05:51:00,41.0,0.0
2232,2022-03-09T06:51:00,41.0,0.0
2233,2022-03-09T07:51:00,41.0,0.0
2234,2022-03-09T08:51:00,41.0,0.0
2235,2022-03-09T09:51:00,41.0,0.0
2236,2022-03-09T10:51:00,41.0,0.0
2238,2022-03-09T11:44:00,37.04,0.2
2239,2022-03-09T11:51:00,37.04,0.3
2241,2022-03-09T12:51:00,37.04,0.0
2242,2022-03-09T13:33:00,37.04,0.0
2243,2022-03-09T13:51:00,37.04,0.3
2244,2022-03-09T14:19:00,35.96,0.5
2245,2022-03-09T14:32:00,35.96,0.7
2246,2022-03-09T14:51:00,35.96,1.3
2247,2022-03-09T15:21:00,35.06,0.7
2249,2022-03-09T15:51:00,35.06,1.5
2250,2022-03-09T15:59:00,33.98,0.2
2251,2022-03-09T16:06:00,33.08,0.5
2252,2022-03-09T16:22:00,33.98,1.0
2253,2022-03-09T16:51:00,33.98,1.3
2254,2022-03-09T16:58:00,33.98,0.2
2255,2022-03-09T17:12:00,33.98,0.2
2257,2022-03-09T17:51:00,33.98,1.0
2258,2022-03-09T18:48:00,33.8,2.2
2259,2022-03-09T18:51:00,33.08,2.5
2261,2022-03-09T19:23:00,33.98,1.2
2262,2022-03-09T19:30:00,33.98,1.5
2263,2022-03-09T19:51:00,33.98,2.8
2266,2022-03-09T20:51:00,33.98,1.8
2267,2022-03-09T21:51:00,33.98,0.8
2268,2022-03-09T22:30:00,35.06,0.2
2269,2022-03-09T22:39:00,33.98,0.5
2271,2022-03-09T22:51:00,33.98,0.8
2272,2022-03-09T23:51:00,33.98,0.0
2274,2022-03-10T00:51:00,35.06,0.0
2275,2022-03-10T01:51:00,35.96,0.0
2276,2022-03-10T02:51:00,35.96,0.0
2277,2022-03-10T03:51:00,35.96,0.0
2280,2022-03-10T04:51:00,35.06,0.0
2284,2022-03-10T05:51:00,33.98,0.0
2285,2022-03-10T06:51:00,33.98,0.0
2288,2022-03-10T07:51:00,33.98,0.0
2289,2022-03-10T08:51:00,33.98,0.0
2290,2022-03-10T09:51:00,33.08,0.0
2291,2022-03-10T10:51:00,33.08,0.0
2293,2022-03-10T11:51:00,33.08,0.0
2296,2022-03-10T12:51:00,35.06,0.0
2297,2022-03-10T13:51:00,37.04,0.0
2298,2022-03-10T14:51:00,37.04,0.0
2299,2022-03-10T15:51:00,41.0,0.0
2300,2022-03-10T16:51:00,42.980000000000004,0.0
2301,2022-03-10T17:51:00,46.94,0.0
2302,2022-03-10T18:51:00,48.92,0.0
2303,2022-03-10T19:51:00,48.92,0.0
2304,2022-03-10T20:51:00,48.02,0.0
2305,2022-03-10T21:51:00,48.02,0.0
2306,2022-03-10T22:51:00,44.96,0.0
2307,2022-03-10T23:51:00,44.96,0.0
2308,2022-03-11T00:51:00,44.06,0.0
2309,2022-03-11T01:51:00,42.980000000000004,0.0
2310,2022-03-11T02:51:00,42.08,0.0
2311,2022-03-11T03:51:00,42.980000000000004,0.0
2312,2022-03-11T04:51:00,44.06,0.0
2314,2022-03-11T05:51:00,41.0,0.0
2315,2022-03-11T06:51:00,41.0,0.0
2316,2022-03-11T07:51:00,42.08,0.0
2317,2022-03-11T08:51:00,41.0,0.0
2318,2022-03-11T09:51:00,41.0,0.0
2319,2022-03-11T10:51:00,41.0,0.0
2320,2022-03-11T11:51:00,41.0,0.0
2321,2022-03-11T12:51:00,44.96,0.0
2322,2022-03-11T13:51:00,46.04,0.0
2323,2022-03-11T14:51:00,48.02,0.0
2324,2022-03-11T15:51:00,51.08,0.0
2325,2022-03-11T16:51:00,53.06,0.0
2326,2022-03-11T17:51:00,53.96,0.0
2327,2022-03-11T18:51:00,53.06,0.0
2328,2022-03-11T19:51:00,51.08,0.0
2329,2022-03-11T20:51:00,48.92,0.0
2330,2022-03-11T21:51:00,46.04,0.0
2331,2022-03-11T22:51:00,44.96,0.0
2332,2022-03-11T23:51:00,44.06,0.0
2333,2022-03-12T00:51:00,44.06,0.0
2335,2022-03-12T01:51:00,44.96,0.0
2337,2022-03-12T02:51:00,46.04,0.0
2338,2022-03-12T03:51:00,44.96,0.0
2340,2022-03-12T04:51:00,46.04,0.0
2343,2022-03-12T05:51:00,46.04,0.0
2346,2022-03-12T06:51:00,46.94,0.0
2349,2022-03-12T07:51:00,46.94,0.0
2351,2022-03-12T08:51:00,46.94,0.0
2353,2022-03-12T09:51:00,46.94,0.3
2354,2022-03-12T10:01:00,46.94,0.2
2355,2022-03-12T10:51:00,46.94,0.0
2357,2022-03-12T11:51:00,46.94,0.0
2359,2022-03-12T12:34:00,46.94,0.2
2361,2022-03-12T12:51:00,46.94,1.5
2362,2022-03-12T13:00:00,46.94,0.5
2363,2022-03-12T13:23:00,46.04,2.0
2364,2022-03-12T13:51:00,44.06,4.3
2365,2022-03-12T13:56:00,44.06,0.7
2366,2022-03-12T14:03:00,44.06,1.5
2367,2022-03-12T14:08:00,44.06,1.7
2368,2022-03-12T14:31:00,42.08,2.2
2369,2022-03-12T14:38:00,39.02,2.7
2370,2022-03-12T14:44:00,37.94,3.0
2371,2022-03-12T14:51:00,37.04,2.3
2373,2022-03-12T15:11:00,35.06,0.2
2374,2022-03-12T15:22:00,33.98,0.7
2375,2022-03-12T15:39:00,33.98,2.0
2376,2022-03-12T15:47:00,33.8,2.5
2377,2022-03-12T15:51:00,33.98,2.8
2378,2022-03-12T16:03:00,33.08,0.5
2379,2022-03-12T16:13:00,33.08,0.7
2380,2022-03-12T16:32:00,33.08,1.0
2381,2022-03-12T16:49:00,33.8,1.2
2382,2022-03-12T16:51:00,32.0,1.3
2383,2022-03-12T17:05:00,32.0,0.2
2384,2022-03-12T17:41:00,30.92,0.5
2385,2022-03-12T17:51:00,30.92,0.3
2386,2022-03-12T18:51:00,30.92,0.0
2387,2022-03-12T19:35:00,32.0,0.0
2388,2022-03-12T19:51:00,32.0,0.0
2389,2022-03-12T20:51:00,30.02,0.0
2390,2022-03-12T21:25:00,26.96,0.0
2391,2022-03-12T21:42:00,26.060000000000002,0.0
2393,2022-03-12T21:51:00,26.060000000000002,0.0
2394,2022-03-12T21:55:00,26.060000000000002,0.0
2396,2022-03-12T22:19:00,24.98,0.0
2397,2022-03-12T22:27:00,24.98,0.0
2398,2022-03-12T22:33:00,24.98,0.0
2399,2022-03-12T22:43:00,24.98,0.0
2401,2022-03-12T22:51:00,24.08,0.0
2402,2022-03-12T22:58:00,24.08,0.0
2403,2022-03-12T23:05:00,24.08,0.0
2404,2022-03-12T23:51:00,26.060000000000002,0.0
2405,2022-03-13T00:51:00,26.060000000000002,0.0
2406,2022-03-13T01:51:00,24.98,0.0
2407,2022-03-13T02:51:00,24.98,0.0
2408,2022-03-13T03:51:00,24.08,0.0
2409,2022-03-13T04:51:00,24.08,0.0
2411,2022-03-13T05:51:00,23.0,0.0
2412,2022-03-13T06:51:00,23.0,0.0
2413,2022-03-13T07:51:00,21.92,0.0
2414,2022-03-13T08:51:00,21.92,0.0
2415,2022-03-13T09:51:00,23.0,0.0
2416,2022-03-13T10:51:00,23.0,0.0
2417,2022-03-13T11:51:00,23.0,0.0
2418,2022-03-13T12:51:00,24.08,0.0
2419,2022-03-13T13:51:00,26.060000000000002,0.0
2420,2022-03-13T14:51:00,28.04,0.0
2421,2022-03-13T15:51:00,30.02,0.0
2422,2022-03-13T16:51:00,30.92,0.0
2423,2022-03-13T17:51:00,32.0,0.0
2424,2022-03-13T18:51:00,32.0,0.0
2425,2022-03-13T19:51:00,33.08,0.0
2426,2022-03-13T20:51:00,33.08,0.0
2427,2022-03-13T21:51:00,30.92,0.0
2428,2022-03-13T22:23:00,28.94,0.0
2429,2022-03-13T22:31:00,28.04,0.0
2430,2022-03-13T22:41:00,28.04,0.0
2431,2022-03-13T22:49:00,28.4,0.0
2432,2022-03-13T22:51:00,28.04,0.0
2433,2022-03-13T22:59:00,28.04,0.0
2434,2022-03-13T23:06:00,28.04,0.0
2435,2022-03-13T23:24:00,28.04,0.0
2436,2022-03-13T23:34:00,28.94,0.0
2437,2022-03-13T23:51:00,28.94,0.0
2438,2022-03-14T00:51:00,30.02,0.0
2439,2022-03-14T01:51:00,30.92,0.0
2440,2022-03-14T02:51:00,32.0,0.0
2441,2022-03-14T03:51:00,32.0,0.0
2442,2022-03-14T04:51:00,33.08,0.0
2444,2022-03-14T05:51:00,35.96,0.0
2445,2022-03-14T06:51:00,35.96,0.0
2446,2022-03-14T07:51:00,35.96,0.0
2447,2022-03-14T08:51:00,35.06,0.0
2448,2022-03-14T09:51:00,35.96,0.0
2449,2022-03-14T10:51:00,35.96,0.0
2450,2022-03-14T11:51:00,35.96,0.0
2451,2022-03-14T12:51:00,37.94,0.0
2452,2022-03-14T13:51:00,42.08,0.0
2453,2022-03-14T14:51:00,46.04,0.0
2454,2022-03-14T15:51:00,50.0,0.0
2455,2022-03-14T16:51:00,51.08,0.0
2456,2022-03-14T17:51:00,53.06,0.0
2457,2022-03-14T18:51:00,53.96,0.0
2458,2022-03-14T19:51:00,55.94,0.0
2459,2022-03-14T20:51:00,55.94,0.0
2460,2022-03-14T21:51:00,51.98,0.0
2461,2022-03-14T22:51:00,51.08,0.0
2462,2022-03-14T23:51:00,50.0,0.0
2463,2022-03-15T00:51:00,48.92,0.0
2464,2022-03-15T01:51:00,48.92,0.0
2465,2022-03-15T02:51:00,51.08,0.0
2466,2022-03-15T03:51:00,48.92,0.0
2467,2022-03-15T04:51:00,48.02,0.0
2469,2022-03-15T05:51:00,48.02,0.0
2470,2022-03-15T06:51:00,46.94,0.0
2471,2022-03-15T07:51:00,46.94,0.0
2472,2022-03-15T08:51:00,46.94,0.0
2473,2022-03-15T09:51:00,46.94,0.0
2474,2022-03-15T10:51:00,46.94,0.0
2475,2022-03-15T11:51:00,46.94,0.0
2476,2022-03-15T12:51:00,48.02,0.0
2477,2022-03-15T13:51:00,51.98,0.0
2478,2022-03-15T14:51:00,55.04,0.0
2479,2022-03-15T15:51:00,60.08,0.0
2480,2022-03-15T16:51:00,62.059999999999995,0.0
2481,2022-03-15T17:51:00,66.02,0.0
2482,2022-03-15T18:51:00,68.0,0.0
2483,2022-03-15T19:51:00,66.02,0.0
2484,2022-03-15T20:51:00,60.980000000000004,0.0
2485,2022-03-15T21:51:00,57.92,0.0
2486,2022-03-15T22:51:00,57.02,0.0
2487,2022-03-15T23:51:00,57.92,0.0
2488,2022-03-16T00:51:00,59.0,0.0
2489,2022-03-16T01:51:00,60.980000000000004,0.0
2490,2022-03-16T02:51:00,59.0,0.0
2491,2022-03-16T03:51:00,59.0,0.0
2492,2022-03-16T04:51:00,59.0,0.0
2494,2022-03-16T05:51:00,57.02,0.0
2495,2022-03-16T06:51:00,57.02,0.0
2496,2022-03-16T07:51:00,55.94,0.0
2497,2022-03-16T08:51:00,55.04,0.0
2498,2022-03-16T09:51:00,53.96,0.0
2499,2022-03-16T10:51:00,53.96,0.0
2500,2022-03-16T11:51:00,53.06,0.0
2501,2022-03-16T12:51:00,53.96,0.0
2502,2022-03-16T13:51:00,55.94,0.0
2503,2022-03-16T14:51:00,57.92,0.0
2504,2022-03-16T15:51:00,60.980000000000004,0.0
2505,2022-03-16T16:51:00,62.959999999999994,0.0
2506,2022-03-16T17:51:00,64.94,0.0
2507,2022-03-16T18:51:00,64.04,0.0
2508,2022-03-16T19:51:00,60.980000000000004,0.0
2509,2022-03-16T20:51:00,57.02,0.0
2510,2022-03-16T21:51:00,55.04,0.0
2511,2022-03-16T22:51:00,51.98,0.0
2512,2022-03-16T23:51:00,51.98,0.0
2513,2022-03-17T00:51:00,51.08,0.0
2514,2022-03-17T01:51:00,51.08,0.0
2515,2022-03-17T02:51:00,51.08,0.0
2516,2022-03-17T03:51:00,48.92,0.0
2517,2022-03-17T04:51:00,48.02,0.0
2521,2022-03-17T05:51:00,46.94,0.0
2522,2022-03-17T06:51:00,46.04,0.0
2526,2022-03-17T07:51:00,46.04,0.0
2527,2022-03-17T08:51:00,44.96,0.0
2530,2022-03-17T09:51:00,44.96,0.0
2531,2022-03-17T10:51:00,46.04,0.0
2532,2022-03-17T11:39:00,46.04,0.0
2534,2022-03-17T11:51:00,46.04,0.0
2535,2022-03-17T12:51:00,46.94,0.3
2536,2022-03-17T13:51:00,48.02,1.0
2537,2022-03-17T13:58:00,48.02,0.0
2538,2022-03-17T14:19:00,48.02,0.0
2539,2022-03-17T14:51:00,48.92,0.0
2540,2022-03-17T15:51:00,48.92,0.0
2541,2022-03-17T16:07:00,50.0,0.0
2542,2022-03-17T16:51:00,50.0,0.0
2544,2022-03-17T17:45:00,48.2,0.2
2546,2022-03-17T17:51:00,50.0,0.8
2547,2022-03-17T18:09:00,50.0,0.2
2548,2022-03-17T18:21:00,50.0,0.2
2549,2022-03-17T18:46:00,50.0,0.2
2550,2022-03-17T18:51:00,50.0,0.0
2551,2022-03-17T19:51:00,51.08,0.0
2554,2022-03-17T20:51:00,51.98,0.0
2556,2022-03-17T21:51:00,51.98,0.0
2557,2022-03-17T22:51:00,53.06,0.0
2559,2022-03-17T23:51:00,53.06,0.0
2560,2022-03-18T00:51:00,51.98,0.0
2563,2022-03-18T01:51:00,51.98,0.0
2564,2022-03-18T02:51:00,51.98,0.0
2568,2022-03-18T03:51:00,53.06,0.0
2569,2022-03-18T04:51:00,53.06,0.0
2573,2022-03-18T05:51:00,53.06,0.0
2575,2022-03-18T06:51:00,53.06,0.0
2577,2022-03-18T07:51:00,51.98,0.0
2578,2022-03-18T08:51:00,51.08,0.0
2579,2022-03-18T09:51:00,51.08,0.0
2581,2022-03-18T10:51:00,50.0,0.0
2583,2022-03-18T11:51:00,51.08,0.0
2585,2022-03-18T12:51:00,51.98,0.0
2587,2022-03-18T13:51:00,55.04,0.0
2588,2022-03-18T14:51:00,57.92,0.0
2589,2022-03-18T15:51:00,62.059999999999995,0.0
2590,2022-03-18T16:51:00,66.92,0.0
2591,2022-03-18T17:51:00,69.98,0.0
2592,2022-03-18T18:51:00,71.96,0.0
2593,2022-03-18T19:51:00,71.96,0.0
2594,2022-03-18T20:51:00,69.98,0.0
2595,2022-03-18T21:51:00,64.04,0.0
2596,2022-03-18T22:51:00,60.980000000000004,0.0
2597,2022-03-18T23:51:00,57.02,0.0
2598,2022-03-19T00:51:00,55.04,0.0
2599,2022-03-19T01:51:00,53.96,0.0
2600,2022-03-19T02:51:00,53.06,0.0
2601,2022-03-19T03:51:00,51.98,0.0
2602,2022-03-19T04:51:00,50.0,0.0
